tconst,originalTitle,startYear,genres
tt0293429,Mortal Kombat,2021.0,"Action,Adventure,Fantasy"
tt0437086,Alita: Battle Angel,2019.0,"Action,Adventure,Sci-Fi"
tt0439572,The Flash,2023.0,"Action,Adventure,Fantasy"
tt0448115,Shazam!,2019.0,"Action,Adventure,Comedy"
tt0451279,Wonder Woman,2017.0,"Action,Adventure,Fantasy"
tt0493405,CHIPS,2017.0,"Action,Comedy,Crime"
tt0498381,Rings,2017.0,"Drama,Horror,Mystery"
tt0781524,Vendetta,2022.0,"Horror,Mystery,Thriller"
tt0837563,Pet Sematary,2019.0,"Horror,Mystery,Thriller"
tt0870154,Jungle Cruise,2021.0,"Action,Adventure,Comedy"
tt0887261,Hellraiser,2022.0,"Horror,Mystery,Thriller"
tt0974015,Justice League,2017.0,"Action,Adventure,Fantasy"
tt0993840,Army of the Dead,2021.0,"Action,Adventure,Crime"
tt10013634,Cinderella,2018.0,Musical
tt10016180,The Little Things,2021.0,"Crime,Drama,Mystery"
tt10023022,Clean,2021.0,"Action,Crime,Drama"
tt10037014,Fear of Rain,2021.0,"Drama,Horror,Mystery"
tt10039344,Countdown,2019.0,"Horror,Thriller"
tt10077034,Twist,2021.0,"Action,Drama,Thriller"
tt10080270,En Brazos de un Asesino,2019.0,"Romance,Thriller"
tt10097362,El Exorcismo de Carmen Farías,2021.0,Horror
tt10098448,Jesus Revolution,2023.0,"Biography,Drama,History"
tt10101702,My Little Pony: A New Generation,2021.0,"Adventure,Animation,Comedy"
tt10121392,Thunder Force,2021.0,"Action,Adventure,Comedy"
tt10131024,Shut In,2022.0,"Drama,Thriller"
tt10151854,Shazam! Fury of the Gods,2023.0,"Action,Adventure,Comedy"
tt10155932,Cinderella,2021.0,"Comedy,Family,Fantasy"
tt10160974,Witch Hunt,2021.0,"Drama,Fantasy,Horror"
tt1016150,Im Westen nichts Neues,2022.0,"Drama,History,War"
tt10168670,Bones and All,2022.0,"Drama,Horror,Romance"
tt10171796,MexZombies,2022.0,"Comedy,Horror,Thriller"
tt10187208,A Boy Called Christmas,2021.0,"Adventure,Drama,Family"
tt10192406,Causeway,2022.0,Drama
tt10198564,Bullet Proof,2022.0,Action
tt10217566,Prey,2019.0,Documentary
tt10223460,Marry Me,2022.0,"Comedy,Music,Romance"
tt10228134,Jolt,2021.0,"Action,Comedy,Crime"
tt10230994,Beckett,2021.0,"Action,Crime,Drama"
tt10231726,The Darker the Lake,2022.0,"Crime,Horror,Mystery"
tt10241772,Dakota,2022.0,"Drama,Family"
tt10242388,Last Seen Alive,2022.0,"Action,Crime,Drama"
tt1025100,Gemini Man,2019.0,"Action,Sci-Fi,Thriller"
tt10260844,Queen of Spades,2021.0,Horror
tt10268488,The Greatest Beer Run Ever,2022.0,"Adventure,Comedy,Drama"
tt10268708,Skin,2019.0,Documentary
tt10274594,Alone,2019.0,Drama
tt10275534,To Catch a Killer,2023.0,"Action,Crime,Drama"
tt10279472,The Black Demon,2023.0,"Action,Drama,Horror"
tt10293406,The Power of the Dog,2021.0,"Drama,Western"
tt10295702,Control,2021.0,Thriller
tt10298810,Lightyear,2022.0,"Action,Adventure,Animation"
tt10298840,Strange World,2022.0,"Action,Adventure,Animation"
tt10300662,Kidnap,2019.0,"Crime,Drama"
tt10304142,Amsterdam,2022.0,"Comedy,Drama,History"
tt10323178,Cruel Fixation,2019.0,Thriller
tt10323676,The Contractor,2022.0,"Action,Drama,Thriller"
tt10327252,The Forever Purge,2021.0,"Action,Crime,Drama"
tt10327974,Ready Player One,2018.0,"Adventure,Comedy"
tt10328322,The Takeover,2019.0,Documentary
tt10342730,Spiral: From the Book of Saw,2021.0,"Horror,Mystery,Thriller"
tt10343028,Armageddon Time,2022.0,Drama
tt1034385,Cold Skin,2017.0,"Action,Fantasy,Horror"
tt1034415,Suspiria,2018.0,"Drama,Fantasy,Horror"
tt10362566,The Exorcism of God,2021.0,"Drama,Horror,Thriller"
tt10365998,Infinity Pool,2023.0,"Crime,Horror,Mystery"
tt10366206,John Wick: Chapter 4,2023.0,"Action,Crime,Thriller"
tt10366460,CODA,2021.0,"Comedy,Drama,Music"
tt10370710,Verdens verste menneske,2021.0,"Comedy,Drama,Romance"
tt10389902,Beast,2019.0,Horror
tt10399608,Cerdita,2022.0,"Drama,Horror,Thriller"
tt10403420,Terrifier 2,2022.0,Horror
tt10405142,Qu'est-ce qu'on a tous fait au Bon Dieu ?,2021.0,Comedy
tt10418662,Awake,2021.0,"Action,Adventure,Drama"
tt10418680,The Time Capsule,2022.0,"Drama,Romance,Sci-Fi"
tt10431332,Las Leyendas: El Origen,2022.0,"Adventure,Animation,Comedy"
tt10451312,Marco effekten,2021.0,"Crime,Thriller"
tt10451914,Outside the Wire,2021.0,"Action,Adventure,Fantasy"
tt10453328,Coco,2018.0,
tt10473036,The Amazing Maurice,2022.0,"Adventure,Animation,Comedy"
tt10483152,Unicorn Wars,2022.0,"Action,Animation,Comedy"
tt10502906,The Ritual,2019.0,"Documentary,Drama"
tt10515988,Paranormal Activity: Next of Kin,2021.0,"Horror,Mystery,Thriller"
tt10521144,Nightbooks,2021.0,"Family,Fantasy,Horror"
tt10559102,Supercell,2023.0,"Action,Adventure,Drama"
tt10579942,Naked,2019.0,Documentary
tt10597550,Inside,2018.0,"Comedy,Crime,Mystery"
tt10602182,La consagración de la primavera,2022.0,Drama
tt10603396,Vous n'aurez pas ma haine,2022.0,Drama
tt10633878,Lecciones para canallas,2022.0,Comedy
tt10640346,Babylon,2022.0,"Comedy,Drama"
tt10642636,The Walk,2019.0,
tt10645682,The Jack in the Box,2019.0,Horror
tt10648342,Thor: Love and Thunder,2022.0,"Action,Adventure,Comedy"
tt10661710,Born a Champion,2021.0,"Action,Drama,Sport"
tt10665338,Halloween Kills,2021.0,"Action,Drama,Horror"
tt10665342,Halloween Ends,2022.0,"Horror,Mystery,Romance"
tt10669914,Infelices para Siempre,2023.0,Comedy
tt10676012,To All the Boys: Always and Forever,2021.0,"Comedy,Drama,Romance"
tt10691162,Aftermath,2021.0,"Drama,Horror,Mystery"
tt10696784,The Harder They Fall,2021.0,"Action,Drama,Western"
tt10696896,Stillwater,2021.0,"Crime,Drama,Mystery"
tt10719596,Venus,2023.0,Drama
tt10722406,Juega Conmigo,2021.0,"Fantasy,Horror,Thriller"
tt1072748,Winchester,2018.0,"Biography,Fantasy,Horror"
tt10731256,Don't Worry Darling,2022.0,"Drama,Mystery,Thriller"
tt10731768,Sweet Girl,2021.0,"Action,Drama,Thriller"
tt10763820,Night Teeth,2021.0,"Action,Crime,Drama"
tt10767168,La llorona,2019.0,"Crime,Drama,Horror"
tt10801582,White Noise,2019.0,Documentary
tt10808502,Bruiser,2021.0,
tt10809742,Collision,2022.0,"Crime,Drama,Thriller"
tt10820876,Abandoned,2019.0,Horror
tt10838180,The Matrix Resurrections,2021.0,"Action,Sci-Fi"
tt10841088,Riverdance: The Animated Adventure,2021.0,"Adventure,Animation,Comedy"
tt10855768,Missing,2023.0,"Drama,Mystery,Thriller"
tt10857178,Unforgettable,2019.0,Drama
tt10872600,Spider-Man: No Way Home,2021.0,"Action,Adventure,Fantasy"
tt10914482,Morgue,2019.0,"Horror,Thriller"
tt10917234,Morgue,2019.0,
tt10929896,Run,2019.0,Thriller
tt10932544,Panama,2019.0,Drama
tt10944596,Here Today,2021.0,"Comedy,Drama,Music"
tt10944760,Titane,2021.0,"Drama,Horror,Sci-Fi"
tt10945274,Mystère,2021.0,"Adventure,Drama,Family"
tt10949028,As They Made Us,2022.0,"Comedy,Drama"
tt10954600,Ant-Man and the Wasp: Quantumania,2023.0,"Action,Adventure,Comedy"
tt10954652,Old,2021.0,"Drama,Mystery,Thriller"
tt10954984,Nope,2022.0,"Horror,Mystery,Sci-Fi"
tt10972282,Alone,2019.0,Sci-Fi
tt10999120,Spirited,2022.0,"Comedy,Family,Fantasy"
tt11005128,Into the Deep,2022.0,"Crime,Drama,Horror"
tt11012066,Home Sweet Home Alone,2021.0,"Comedy,Crime,Family"
tt11018264,Blaze,2022.0,"Crime,Drama,Fantasy"
tt11069038,Suro,2022.0,"Drama,Thriller"
tt11083552,Wrath of Man,2021.0,"Action,Crime,Thriller"
tt11084896,Spirit Untamed,2021.0,"Adventure,Animation,Comedy"
tt11116912,Troll,2022.0,"Action,Adventure,Drama"
tt11125620,The Addams Family 2,2021.0,"Adventure,Animation,Comedy"
tt11138512,The Northman,2022.0,"Action,Adventure,Drama"
tt11145118,Creed III,2023.0,"Action,Drama,Sport"
tt11160650,On the Count of Three,2021.0,"Comedy,Crime,Drama"
tt11166250,Matriarch,2021.0,Drama
tt11184428,Sisu,2019.0,Documentary
tt11186952,Ghosts of the Ozarks,2021.0,"Drama,Horror,Mystery"
tt11196036,The Card Counter,2021.0,"Crime,Drama,Thriller"
tt11198810,She Said,2022.0,"Crime,Drama,History"
tt11199624,Eva,2019.0,Documentary
tt11203022,Sex Appeal,2022.0,"Comedy,Drama,Romance"
tt11207270,Rock Dog 3: Battle the Beat,2022.0,"Adventure,Animation,Comedy"
tt11209212,See for Me,2021.0,"Crime,Drama,Horror"
tt11212572,Nocebo,2022.0,"Horror,Thriller"
tt11214590,House of Gucci,2021.0,"Biography,Crime,Drama"
tt11230050,Solar Impact,2019.0,"Horror,Sci-Fi"
tt11233960,The Unforgivable,2021.0,"Crime,Drama,Mystery"
tt11235772,The Voyeurs,2021.0,"Drama,Mystery,Romance"
tt11242162,Rise,2022.0,"Biography,Drama,Sport"
tt11245972,Scream,2022.0,"Horror,Mystery,Thriller"
tt11252248,Dog,2022.0,"Comedy,Drama"
tt11263022,The Seventh Day,2021.0,"Horror,Mystery"
tt11271038,Licorice Pizza,2021.0,"Comedy,Drama,Romance"
tt11278608,The Walk,2022.0,"Crime,Drama"
tt11285158,The Farm,2023.0,Thriller
tt11286314,Don't Look Up,2021.0,"Comedy,Drama,Sci-Fi"
tt11291274,The Unbearable Weight of Massive Talent,2022.0,"Action,Comedy,Crime"
tt11291314,Out of the Blue,2021.0,Drama
tt11301946,Beast,2022.0,"Action,Comedy,Crime"
tt11304504,Catch the Fair One,2021.0,"Crime,Thriller"
tt11307814,Red Dot,2021.0,"Drama,Horror,Thriller"
tt11309740,No Abras La Puerta,2022.0,Horror
tt11348232,The Requin,2022.0,"Horror,Thriller"
tt11358390,Renfield,2023.0,"Action,Comedy,Fantasy"
tt11365186,Redeeming Love,2022.0,"Drama,Romance,Western"
tt11366674,LOLA,2022.0,"Sci-Fi,War"
tt1137450,Death Wish,2018.0,"Action,Crime,Drama"
tt1139592,Jeepers Creepers 3,2017.0,Horror
tt11399896,The Last Manhunt,2022.0,"Action,Drama,Romance"
tt11409820,Adanis: Kutsal Kavga,2022.0,"Action,Drama"
tt11426538,Coffee Wars,2023.0,Comedy
tt11433048,Wild Indian,2021.0,"Crime,Drama,Mystery"
tt11454320,Offseason,2021.0,"Drama,Fantasy,Horror"
tt11455260,Die Schule der magischen Tiere,2021.0,"Adventure,Family,Musical"
tt11464730,Motherly,2021.0,"Horror,Mystery,Thriller"
tt11466222,Jackass Forever,2022.0,"Action,Comedy,Documentary"
tt11469000,Assassin,2019.0,"Action,Comedy,Drama"
tt11488800,Kin,2019.0,Horror
tt11514780,Choose or Die,2022.0,"Drama,Horror,Thriller"
tt11522516,Blood,2019.0,Drama
tt11525644,No Sudden Move,2021.0,"Crime,Drama,Mystery"
tt11540726,Resurrection,2022.0,"Crime,Drama,Horror"
tt11563030,Star Wars: The Last Jedi,2018.0,"Action,Comedy,Sci-Fi"
tt11657662,The Witcher: Nightmare of the Wolf,2021.0,"Action,Adventure,Animation"
tt11671006,The Man from Toronto,2022.0,"Action,Adventure,Comedy"
tt11686490,The Deep House,2021.0,"Drama,Horror,Mystery"
tt11687104,"Alice, Darling",2022.0,"Drama,Mystery,Romance"
tt11696276,Renegades,2022.0,"Action,Crime,Drama"
tt11696342,Black Warrant,2022.0,"Action,Thriller"
tt11703050,The House,2022.0,"Animation,Comedy,Drama"
tt11703710,Downton Abbey: A New Era,2022.0,"Drama,Romance"
tt11718516,Huesera,2022.0,"Drama,Horror,Mystery"
tt11727866,Catherine Called Birdy,2022.0,Adventure
tt11734264,Sentinelle,2021.0,"Action,Drama,Thriller"
tt11755740,Texas Chainsaw Massacre,2022.0,"Crime,Drama,Horror"
tt11762434,Cosmic Sin,2021.0,"Action,Sci-Fi"
tt11797376,Objetos,2022.0,"Crime,Drama,Thriller"
tt11807888,La abuela,2021.0,Horror
tt11813216,The Banshees of Inisherin,2022.0,"Comedy,Drama"
tt11820950,The Portable Door,2023.0,"Adventure,Comedy,Fantasy"
tt11827628,Memory,2022.0,"Action,Crime,Thriller"
tt11832046,PAW Patrol: The Movie,2021.0,"Action,Adventure,Animation"
tt11833408,The Minute You Wake Up Dead,2022.0,"Crime,Drama,Mystery"
tt11833670,Last Shoot Out,2021.0,"Drama,Western"
tt11833692,Desperate Riders,2022.0,"Drama,Western"
tt11833710,Catch the Bullet,2021.0,"Drama,Western"
tt11847410,The Fallout,2021.0,Drama
tt11851548,Orphan: First Kill,2022.0,"Crime,Drama,Horror"
tt11861230,Beauty and the Beast,2017.0,"Comedy,Drama,Family"
tt11866324,Prey,2022.0,"Action,Adventure,Horror"
tt11881160,Gaia,2021.0,"Drama,Fantasy,Horror"
tt11892916,Security,2021.0,Thriller
tt11893274,Downfall: The Case Against Boeing,2022.0,Documentary
tt11897478,The Stranger,2022.0,"Crime,Drama,Thriller"
tt11909878,Hocus Pocus 2,2022.0,"Comedy,Family,Fantasy"
tt11915736,End of the Road,2021.0,
tt11952606,Easter Sunday,2022.0,Comedy
tt11974392,Venus,2017.0,Comedy
tt12003946,Violent Night,2022.0,"Action,Comedy,Thriller"
tt12004038,Watcher,2022.0,"Drama,Horror,Mystery"
tt12058412,Malcriados,2023.0,Comedy
tt1206885,Rambo: Last Blood,2019.0,"Action,Crime,Thriller"
tt12076762,Cuando sea joven,2022.0,Comedy
tt1213641,First Man,2018.0,"Biography,Drama,History"
tt12137042,The Stranger,2019.0,"Crime,Thriller"
tt12141112,Metal Lords,2022.0,"Comedy,Music"
tt12146654,Beneath the Surface,2022.0,"Mystery,Thriller"
tt12193804,Whitney Houston: I Wanna Dance with Somebody,2022.0,"Biography,Drama,History"
tt12197580,Cosas de amigos,2022.0,Comedy
tt1219827,Ghost in the Shell,2017.0,"Action,Crime,Drama"
tt12240392,Monster Hunter,2019.0,Action
tt12261776,65,2023.0,"Action,Adventure,Sci-Fi"
tt12262116,Thirteen Lives,2022.0,"Biography,Drama,Thriller"
tt12263384,Extraction 2,2023.0,"Action,Crime,Thriller"
tt12264966,Notre-Dame brûle,2022.0,"Drama,Thriller"
tt1226837,Beautiful Boy,2018.0,"Biography,Drama"
tt12306964,En los márgenes,2022.0,Drama
tt12311620,Breaking,2022.0,"Crime,Drama,Thriller"
tt12335692,Last Man Down,2021.0,"Action,Sci-Fi"
tt12352250,Rise of the Mummy,2021.0,Horror
tt12358104,Dos,2021.0,"Drama,Mystery,Thriller"
tt12361974,Zack Snyder's Justice League,2021.0,"Action,Adventure,Fantasy"
tt12383460,Hypnotic,2021.0,"Horror,Mystery,Thriller"
tt12390388,Matadero,2022.0,"Horror,Mystery,Thriller"
tt12390572,The Twin,2022.0,"Drama,Horror,Mystery"
tt12412166,Veneciafrenia,2021.0,Horror
tt12412888,Sonic the Hedgehog 2,2022.0,"Action,Adventure,Comedy"
tt12428098,Champions,2021.0,"Comedy,Drama,Romance"
tt12444934,Devil's Workshop,2022.0,"Drama,Horror"
tt12447796,Unwelcome,2022.0,"Comedy,Horror"
tt12448082,Llanto Maldito,2021.0,"Drama,Horror"
tt12519030,Pahanhautoja,2022.0,"Drama,Fantasy,Horror"
tt12530246,Emancipation,2022.0,"Action,Thriller"
tt12550376,Shark Bait,2022.0,"Horror,Thriller"
tt12573454,Sharper,2023.0,"Crime,Drama,Thriller"
tt12579120,El hoyo en la cerca,2021.0,"Drama,Thriller"
tt12593682,Bullet Train,2022.0,"Action,Comedy,Thriller"
tt1259528,Den of Thieves,2018.0,"Action,Crime,Drama"
tt12600806,Glass,2017.0,Drama
tt12610794,Blade of the 47 Ronin,2022.0,"Action,Drama,Fantasy"
tt12616964,A Todas Partes,2023.0,"Adventure,Comedy,Drama"
tt12655520,Revenge,2019.0,Romance
tt12672536,Les trois mousquetaires: D'Artagnan,2023.0,"Action,Adventure,History"
tt12676006,Borrego,2022.0,Thriller
tt12678146,La pasajera,2021.0,"Comedy,Horror,Sci-Fi"
tt12683756,Jaula,2022.0,"Horror,Mystery,Thriller"
tt12689248,The Commando,2022.0,"Action,Thriller"
tt12703292,Un hombre de acción,2022.0,"Biography,Crime,Drama"
tt1270797,Venom,2018.0,"Action,Adventure,Sci-Fi"
tt12715472,Inexorable,2021.0,Thriller
tt12718300,"Confess, Fletch",2022.0,"Comedy,Crime,Mystery"
tt12724040,Cherry,2022.0,"Comedy,Drama"
tt12726428,Stromboli,2022.0,Drama
tt12751926,Air,2019.0,"Action,Adventure,Crime"
tt12753120,Nordsjøen,2021.0,"Action,Adventure,Drama"
tt12758060,Tetris,2023.0,"Biography,Drama,History"
tt12758486,Chevalier,2022.0,"Biography,Drama,History"
tt12764628,The Jack in the Box: Awakening,2022.0,Horror
tt12783454,The Kissing Booth 3,2021.0,"Comedy,Romance"
tt12800524,Encounter,2021.0,"Drama,Sci-Fi,Thriller"
tt12801262,Luca,2021.0,"Adventure,Animation,Comedy"
tt12808182,Le dernier mercenaire,2021.0,"Action,Adventure,Comedy"
tt12823454,Your Place or Mine,2023.0,"Comedy,Romance"
tt12847680,Maison de retraite,2022.0,Comedy
tt1285009,The Strangers: Prey at Night,2018.0,Horror
tt12851396,Trollhunters: Rise of the Titans,2021.0,"Action,Adventure,Animation"
tt12856788,Dangerous,2022.0,"Action,Crime,Drama"
tt12861508,Survive the Game,2021.0,"Action,Thriller"
tt12873562,The Invitation,2022.0,"Horror,Thriller"
tt12877640,A Classic Horror Story,2021.0,"Drama,Horror,Mystery"
tt12885852,Batman: Soul of the Dragon,2021.0,"Action,Adventure,Animation"
tt12887770,Barbaque,2021.0,"Comedy,Horror"
tt12889404,Cyrano,2021.0,"Drama,Musical,Romance"
tt12908110,Mr. Harrigan's Phone,2022.0,"Drama,Horror,Mystery"
tt12934940,On the Line,2023.0,"Drama,Mystery,Thriller"
tt1293847,xXx: Return of Xander Cage,2017.0,"Action,Adventure,Thriller"
tt12965390,Perfect Addiction,2023.0,"Action,Drama,Romance"
tt1298644,The Hustle,2019.0,"Comedy,Crime"
tt12996154,365 Days: This Day,2022.0,"Drama,Romance"
tt13007592,The Noel Diary,2022.0,"Comedy,Drama,Romance"
tt1302006,The Irishman,2019.0,"Biography,Crime,Drama"
tt13024674,Army of Thieves,2021.0,"Action,Comedy,Crime"
tt13029044,Mother/Android,2021.0,"Drama,Sci-Fi,Thriller"
tt13051724,L'immensità,2022.0,"Drama,Music"
tt13051810,Vikingulven,2022.0,"Horror,Thriller"
tt13055982,Savage Salvation,2022.0,"Action,Thriller"
tt13056008,No One Gets Out Alive,2021.0,"Drama,Horror,Mystery"
tt13067292,Rogue Hostage,2021.0,"Action,Thriller"
tt13069986,After We Fell,2021.0,"Drama,Romance"
tt13070038,After Ever Happy,2022.0,"Drama,Romance"
tt13075730,One Way,2022.0,"Action,Thriller"
tt13079150,Pourris gâtés,2021.0,Comedy
tt13103732,The Offering,2022.0,Horror
tt13109952,I onde dager,2021.0,"Action,Comedy,Horror"
tt13117446,Dragon Knight,2022.0,Fantasy
tt13139228,My Policeman,2022.0,"Drama,Romance"
tt13141250,The Ritual Killer,2023.0,"Crime,Mystery,Thriller"
tt13141604,The Ritual,2021.0,Comedy
tt13175506,La maternal,2022.0,Drama
tt13191918,The Farm,2023.0,Drama
tt13223054,Lou,2021.0,Drama
tt13223398,Beast,2022.0,"Action,Adventure,Drama"
tt13229894,Los renglones torcidos de Dios,2022.0,"Drama,Mystery,Thriller"
tt13235822,Umma,2022.0,"Drama,Horror,Mystery"
tt13249596,Father of the Bride,2022.0,"Comedy,Drama,Romance"
tt13259610,The Outwaters,2022.0,"Horror,Sci-Fi,Thriller"
tt13262868,X,2021.0,Drama
tt13265876,Apex,2021.0,"Action,Drama,Sci-Fi"
tt13269536,Girl in the Basement,2021.0,"Crime,Thriller"
tt13269616,Du som er i himlen,2021.0,Drama
tt13280054,Blood,2022.0,"Drama,Horror,Thriller"
tt13296032,Dinosaur Hotel,2021.0,"Horror,Mystery,Sci-Fi"
tt13314558,Day Shift,2022.0,"Action,Comedy,Fantasy"
tt13315004,Alone,2021.0,Thriller
tt13320622,The Lost City,2022.0,"Action,Adventure,Comedy"
tt13320662,Slumberland,2022.0,"Adventure,Comedy,Drama"
tt13322120,American Sicario,2021.0,"Action,Crime,Drama"
tt13327038,Do Revenge,2022.0,"Comedy,Drama,Romance"
tt13338724,Truth or Dare,2021.0,Thriller
tt13345606,Evil Dead Rise,2023.0,Horror
tt13349892,Kompromat,2022.0,"Drama,Thriller"
tt13352968,"Good Luck to You, Leo Grande",2022.0,"Comedy,Drama"
tt13358022,The Reading,2023.0,Thriller
tt13365876,Pinball: The Man Who Saved the Game,2022.0,"Biography,Comedy,Drama"
tt13375076,The Pope's Exorcist,2023.0,"Horror,Thriller"
tt13382698,Trigger Point,2021.0,"Action,Mystery,Thriller"
tt13392012,Demonic,2021.0,"Drama,Horror,Sci-Fi"
tt13393128,The Princess,2022.0,"Biography,Documentary,History"
tt13399534,Run,2022.0,Drama
tt13403046,Fresh,2022.0,"Comedy,Horror,Romance"
tt13405778,Insidious: The Red Door,2023.0,"Horror,Mystery,Thriller"
tt13406136,The Princess,2022.0,"Action,Drama,Fantasy"
tt13429362,In the Earth,2021.0,"Drama,Horror,Mystery"
tt13430858,What's Love Got to Do with It?,2022.0,"Comedy,Drama,Romance"
tt13432484,Zeros and Ones,2021.0,"Action,Adventure,Mystery"
tt13438734,Time Is Up,2021.0,"Drama,Romance"
tt13468602,The Lair,2022.0,"Action,Horror,Sci-Fi"
tt13470094,Never Back Down: Revolt,2021.0,"Action,Crime,Drama"
tt13479592,Centauro,2022.0,"Action,Crime,Drama"
tt13483866,Linoleum,2022.0,"Drama,Sci-Fi"
tt13496236,American Siege,2021.0,"Action,Thriller"
tt13519116,The Walk,2021.0,Drama
tt13521006,Beau Is Afraid,2023.0,"Comedy,Drama,Horror"
tt13525334,Folie à Famille,2023.0,"Comedy,Drama"
tt13560574,X,2022.0,"Horror,Mystery,Thriller"
tt13563520,Dragon Fury,2021.0,"Fantasy,Horror,Mystery"
tt13575806,Back to the Outback,2021.0,"Adventure,Animation,Comedy"
tt13603778,American Murderer,2022.0,"Biography,Crime,Drama"
tt13614388,Little Dixie,2023.0,"Action,Crime,Thriller"
tt13623880,Night at the Museum: Kahmunrah Rises Again,2022.0,"Adventure,Animation,Comedy"
tt13634480,The Ice Age Adventures of Buck Wild,2022.0,"Adventure,Animation,Comedy"
tt13640696,See How They Run,2022.0,"Comedy,Crime,Mystery"
tt13648228,How It Ends,2021.0,"Comedy,Drama"
tt13650494,Chang Can Dunk,2023.0,"Drama,Family,Sport"
tt13651858,Safer at Home,2021.0,"Crime,Drama,Horror"
tt1365519,Tomb Raider,2018.0,"Action,Adventure,Fantasy"
tt13655328,End of the Road,2022.0,"Action,Crime,Drama"
tt13660896,Anna,2023.0,Drama
tt13660916,Código Emperador,2022.0,"Drama,Thriller"
tt13669038,Women Talking,2022.0,Drama
tt13680520,9 Bullets,2022.0,"Action,Crime,Thriller"
tt13698942,The Immaculate Room,2022.0,"Drama,Thriller"
tt13717980,Kin,2021.0,"Crime,Drama,Mystery"
tt13774454,Super-héros malgré lui,2021.0,"Action,Comedy"
tt13802544,LasVegas,2023.0,Drama
tt13804084,Justice Society: World War II,2021.0,"Action,Adventure,Animation"
tt13822738,Loin du périph,2022.0,"Action,Comedy,Crime"
tt13831544,Ash & Dust,2022.0,"Crime,Thriller"
tt13833688,The Whale,2022.0,Drama
tt13834480,Diary of a Wimpy Kid,2021.0,"Animation,Comedy,Drama"
tt13841850,Men,2022.0,"Drama,Fantasy,Horror"
tt13842562,Pelé,2021.0,"Biography,Documentary,Sport"
tt13846402,Les passagers de la nuit,2022.0,Drama
tt13857556,Candy Land,2022.0,"Horror,Thriller"
tt13863334,Endangered Species,2021.0,"Action,Thriller"
tt13867056,No mires a los ojos,2022.0,Drama
tt13872380,Hunting Ava Bravo,2022.0,"Action,Thriller"
tt13873302,Against the Ice,2022.0,"Adventure,Drama,History"
tt1389072,Downsizing,2017.0,"Drama,Fantasy,Sci-Fi"
tt13918550,Black Site,2022.0,"Action,Thriller"
tt13923216,Showing Up,2022.0,"Comedy,Drama"
tt13924926,In the Forest,2022.0,"Horror,Thriller"
tt13929998,On a Wing and a Prayer,2023.0,Drama
tt13932410,El cuarto pasajero,2022.0,"Adventure,Comedy"
tt1396484,It,2017.0,Horror
tt13978306,Brazen,2022.0,"Crime,Drama,Mystery"
tt13989030,The Royal Treatment,2022.0,"Comedy,Family,Romance"
tt14001894,Secret Headquarters,2022.0,"Action,Adventure,Comedy"
tt14033502,Babardeala cu bucluc sau porno balamuc,2021.0,"Adult,Comedy,Drama"
tt14036276,Control,2022.0,"Mystery,Sci-Fi,Thriller"
tt14037272,The System,2022.0,"Action,Crime"
tt14042038,Matar a la bestia,2021.0,"Drama,Fantasy,Mystery"
tt14060094,Blacklight,2022.0,"Action,Drama,Thriller"
tt14060232,Infinite Storm,2022.0,"Drama,Thriller"
tt14064380,Compagnons,2021.0,"Comedy,Drama"
tt14073780,King,2022.0,"Adventure,Comedy,Family"
tt14074936,Fire Island,2023.0,"Horror,Thriller"
tt14081736,Vasil,2022.0,Drama
tt14083716,The Red Book Ritual,2022.0,Horror
tt14104600,"Un año, una noche",2022.0,Drama
tt14109724,Ticket to Paradise,2022.0,"Comedy,Drama,Romance"
tt14114802,The Outfit,2022.0,"Crime,Drama,Mystery"
tt14118246,Lobo feroz,2023.0,"Drama,Horror,Thriller"
tt14121726,Jeepers Creepers: Reborn,2022.0,"Horror,Mystery,Thriller"
tt14128670,Kimi,2022.0,"Crime,Drama,Mystery"
tt1413492,12 Strong,2018.0,"Action,Drama,History"
tt14138650,The Pale Blue Eye,2022.0,"Crime,Horror,Mystery"
tt14147224,Mindcage,2022.0,"Crime,Drama,Horror"
tt14156930,Las Gentiles,2021.0,Drama
tt14158554,Fistful of Vengeance,2022.0,"Action,Crime,Drama"
tt14168118,7 Prisioneiros,2021.0,"Crime,Drama"
tt14169248,Resurrection,2021.0,"Biography,Drama,History"
tt14169296,El último zombi,2022.0,"Horror,Thriller"
tt14174168,Gasoline Alley,2022.0,"Action,Thriller"
tt14174940,Interceptor,2022.0,"Action,Adventure,Drama"
tt14199590,One Shot,2021.0,"Action,Adventure,Crime"
tt14201576,Blueback,2022.0,"Adventure,Drama,Family"
tt14208870,The Fabelmans,2022.0,Drama
tt14209916,Cocaine Bear,2023.0,"Comedy,Crime,Thriller"
tt14211906,La novia de América,2023.0,Comedy
tt14212142,Presencias,2022.0,Drama
tt14220888,Anna,2019.0,Drama
tt14253846,Speak No Evil,2022.0,"Drama,Horror,Mystery"
tt14267154,Ripper Untold,2021.0,"Crime,Drama,Horror"
tt14270848,Rapiniamo il Duce,2022.0,"Action,Comedy,Crime"
tt14292584,Aria the Benedizione,2021.0,"Animation,Drama,Fantasy"
tt14298328,Look Both Ways,2022.0,"Comedy,Drama,Fantasy"
tt14300504,El agua,2022.0,Drama
tt14305564,Ritueel,2022.0,Thriller
tt14309446,Me Time,2022.0,Comedy
tt14315566,Bartkowiak,2021.0,"Action,Crime,Sport"
tt14323152,Night Hunter,2021.0,Thriller
tt14324650,"Batman: The Long Halloween, Part One",2021.0,"Action,Animation,Crime"
tt14326062,Héroes de barrio,2022.0,Comedy
tt14330236,Mack & Rita,2022.0,"Comedy,Fantasy"
tt14336174,Peter von Kant,2022.0,Drama
tt14349032,The Good Neighbor,2022.0,"Crime,Mystery,Thriller"
tt14366176,Vivo,2021.0,Documentary
tt14369780,Lady Chatterley's Lover,2022.0,"Drama,Romance"
tt14371426,Flashback,2021.0,"Comedy,Sci-Fi"
tt14376344,Cha Cha Real Smooth,2022.0,"Comedy,Drama"
tt14394620,Crawlspace,2022.0,Thriller
tt14402146,Empire of Light,2022.0,"Drama,Romance"
tt14402926,"Batman: The Long Halloween, Part Two",2021.0,"Action,Animation,Crime"
tt14412366,A Day to Die,2022.0,"Action,Crime,Drama"
tt14439896,Father Stu,2022.0,"Biography,Drama,Sport"
tt14442328,Jurassic Hunt,2021.0,"Adventure,Sci-Fi,Thriller"
tt14444726,Tár,2022.0,"Drama,Music"
tt14458442,The Son,2022.0,Drama
tt14463484,A través de mi ventana,2022.0,"Comedy,Drama,Romance"
tt14463514,Eres tú,2023.0,"Comedy,Romance"
tt14465706,Balle perdue 2,2022.0,"Action,Crime,Thriller"
tt14465894,Sans répit,2022.0,"Action,Crime,Thriller"
tt14472156,Paint,2023.0,"Comedy,Drama"
tt14502344,They/Them,2022.0,"Drama,Horror,Mystery"
tt14506528,Along for the Ride,2022.0,"Drama,Romance"
tt14534992,Peterchens Mondfahrt,2021.0,"Adventure,Animation,Comedy"
tt14542254,Novembre,2022.0,"Crime,Drama,Thriller"
tt14549466,Crimes of the Future,2022.0,"Drama,Horror,Sci-Fi"
tt14550642,The Cellar,2022.0,"Horror,Mystery"
tt14555174,Assassin,2023.0,"Action,Crime,Sci-Fi"
tt14577300,Fortress,2021.0,"Action,Thriller"
tt14577304,Fortress: Sniper's Eye,2022.0,"Action,Thriller"
tt1458169,Kidnap,2017.0,"Action,Crime,Thriller"
tt14585564,Run,2021.0,Drama
tt14592064,Home Team,2022.0,"Comedy,Drama,Sport"
tt14592948,Kærlighed for voksne,2022.0,"Crime,Drama,Thriller"
tt14624330,Arsenault & fils,2022.0,"Crime,Drama"
tt1462764,Indiana Jones and the Dial of Destiny,2023.0,"Action,Adventure,Sci-Fi"
tt14636114,Schächten,2022.0,Drama
tt14641788,Enola Holmes 2,2022.0,"Action,Adventure,Crime"
tt14642626,Sick,2022.0,"Horror,Mystery,Thriller"
tt1464335,Uncharted,2022.0,"Action,Adventure"
tt14656632,Paradise City,2022.0,"Action,Thriller"
tt14657248,Amores Permitidos,2022.0,Comedy
tt14661820,Babylon,2022.0,"Action,Drama"
tt14668196,Prancer: A Christmas Tale,2022.0,"Drama,Family,Fantasy"
tt14668358,Alien Sniperess,2022.0,"Action,Drama,Fantasy"
tt14668630,"Lyle, Lyle, Crocodile",2022.0,"Adventure,Comedy,Family"
tt14686544,White Elephant,2022.0,"Action,Thriller"
tt1469304,Baywatch,2017.0,"Action,Comedy,Crime"
tt14714980,Poker Face,2022.0,"Action,Crime,Thriller"
tt14715170,Falling for Christmas,2022.0,"Comedy,Romance"
tt14726510,First Love,2022.0,Romance
tt14748196,Papillon,2021.0,Drama
tt14770620,One True Loves,2023.0,"Comedy,Drama,Romance"
tt14773112,Dark Blood,2021.0,"Crime,Drama,Thriller"
tt1477834,Aquaman,2018.0,"Action,Adventure,Fantasy"
tt14781036,Inside,2023.0,"Drama,Thriller"
tt1478839,The Art of Racing in the Rain,2019.0,"Comedy,Drama,Romance"
tt14803538,La extorsión,2023.0,"Crime,Thriller"
tt14813212,The Munsters,2022.0,"Comedy,Family,Fantasy"
tt14814040,Not Okay,2022.0,"Comedy,Drama,Thriller"
tt14817272,The Weekend Away,2022.0,"Crime,Drama,Mystery"
tt14821406,Living with Chucky,2022.0,Documentary
tt14824590,On the Line,2022.0,Thriller
tt14826022,You People,2023.0,"Comedy,Romance"
tt14846026,Sisu,2022.0,"Action,Thriller,War"
tt14847302,Jethica,2022.0,"Comedy,Drama,Thriller"
tt14849038,Vendetta,2022.0,"Action,Thriller"
tt14850172,Asking for It,2021.0,Thriller
tt14857730,The Enforcer,2022.0,"Action,Crime,Drama"
tt1485796,The Greatest Showman,2017.0,"Biography,Drama,Musical"
tt14863670,Anna,2019.0,Drama
tt14873054,Transfusion,2023.0,"Action,Crime,Drama"
tt1488589,Guillermo del Toro's Pinocchio,2022.0,"Adventure,Animation,Drama"
tt1488606,Triple Frontier,2019.0,"Action,Adventure,Thriller"
tt14891922,¡Qué despadre!,2022.0,Comedy
tt14895206,Dead for a Dollar,2022.0,"Action,Drama,Western"
tt1489887,Booksmart,2019.0,Comedy
tt14900738,Meet Cute,2022.0,"Comedy,Drama,Fantasy"
tt14901058,Mortal Kombat Legends: Battle of the Realms,2021.0,"Action,Adventure,Animation"
tt14901324,Out of the Blue,2021.0,Drama
tt14912006,Bull Shark,2022.0,"Action,Drama,Horror"
tt14920650,Contratiempo,2022.0,Music
tt14921570,Taurus,2022.0,"Biography,Drama,Music"
tt14923008,Shattered,2022.0,"Crime,Drama,Horror"
tt14923260,Chupa,2023.0,"Action,Adventure,Drama"
tt14927188,La Exorcista,2022.0,"Horror,Thriller"
tt14935038,El juego de las llaves,2022.0,Comedy
tt14938014,Survive,2021.0,"Action,Drama,Thriller"
tt14967618,Margaux,2022.0,"Horror,Sci-Fi,Thriller"
tt14973630,Swim,2021.0,"Action,Adventure,Horror"
tt14992922,The Tinder Swindler,2022.0,"Crime,Documentary"
tt14993352,Consecration,2023.0,"Horror,Thriller"
tt14995258,Sous emprise,2022.0,"Drama,Romance,Sport"
tt15005796,Dos más dos,2022.0,Comedy
tt15006566,As bestas,2022.0,"Drama,Thriller"
tt15006754,La jefa,2022.0,Drama
tt1502407,Halloween,2018.0,"Crime,Drama,Horror"
tt15038118,Blue's Big City Adventure,2022.0,"Adventure,Animation,Comedy"
tt15062234,"Lagunas, la guarida del diablo",2022.0,Horror
tt15083184,I Came By,2022.0,Thriller
tt15085286,Ava,2022.0,Crime
tt15091284,Pil,2021.0,"Adventure,Animation,Comedy"
tt15092772,Un novio para mi mujer,2022.0,"Comedy,Romance"
tt15094426,Looks Can Kill,2022.0,"Horror,Thriller"
tt15094740,Johnny,2021.0,Drama
tt15096128,Crush,2022.0,"Comedy,Romance"
tt15096796,Monster Family 2,2021.0,"Animation,Comedy,Family"
tt15106860,Pursuit,2022.0,"Action,Adventure,Crime"
tt15107080,Alone,2017.0,Horror
tt15122648,Aftermath,2021.0,"Biography,Documentary"
tt15128358,Modelo 77,2022.0,"Drama,History,Thriller"
tt15131130,Bromates,2022.0,Comedy
tt15153532,Strays,2023.0,"Adventure,Comedy"
tt1517268,Barbie,2023.0,"Adventure,Comedy,Fantasy"
tt1517451,A Star Is Born,2018.0,"Drama,Music,Romance"
tt15189534,La ira de Dios,2022.0,"Drama,Thriller"
tt15198608,Prey,2021.0,"Adventure,Drama,Thriller"
tt15206378,7 donne e un mistero,2021.0,"Comedy,Crime,Mystery"
tt15213704,La cena perfetta,2022.0,"Comedy,Drama"
tt15215512,A Perfect Pairing,2022.0,"Comedy,Romance"
tt15218000,Fire Island,2022.0,"Comedy,Romance"
tt15229674,Il mio nome è vendetta,2022.0,"Action,Crime,Drama"
tt15242330,The First Slam Dunk,2022.0,"Animation,Comedy,Drama"
tt15248702,Catwoman: Hunted,2022.0,"Action,Animation,Crime"
tt15255288,Murder Mystery 2,2023.0,"Action,Adventure,Comedy"
tt15255876,Emily the Criminal,2022.0,"Crime,Drama,Thriller"
tt15262370,Maneater,2022.0,"Action,Horror,Thriller"
tt15275256,The Infernal Machine,2022.0,"Mystery,Thriller"
tt15287198,Shattered,2022.0,Sci-Fi
tt15289240,The Curse of Bridge Hollow,2022.0,"Adventure,Comedy,Family"
tt15296186,Mira,2022.0,"Adventure,Drama,Sci-Fi"
tt15296598,Go! Go! Cory Carson: Chrissy Takes the Wheel,2021.0,"Animation,Family"
tt15301048,"Argentina, 1985",2022.0,"Biography,Crime,Drama"
tt15307230,Diabolik - Ginko all'attacco!,2022.0,"Action,Crime,Mystery"
tt15325794,Fall,2022.0,"Action,Thriller"
tt15326988,Ghosted,2023.0,"Action,Adventure,Comedy"
tt15327522,Libélulas,2022.0,Drama
tt15329224,Revoir Paris,2022.0,Drama
tt15333788,Out of the Blue,2022.0,"Crime,Drama,Mystery"
tt15333984,Somebody I Used to Know,2023.0,"Comedy,Romance"
tt15334430,Dog Gone,2023.0,"Biography,Drama,Family"
tt15339570,Champions,2023.0,"Comedy,Drama,Sport"
tt15340808,Gold,2022.0,"Comedy,Drama,Thriller"
tt15353964,Significant Other,2022.0,"Drama,Horror,Mystery"
tt15360384,Girl at the Window,2022.0,"Horror,Mystery,Thriller"
tt1536537,What Happened to Monday,2017.0,"Action,Crime,Fantasy"
tt15374070,Studio 666,2022.0,"Comedy,Horror,Music"
tt15387128,Alone,2023.0,Thriller
tt15389372,The Long Dark Trail,2022.0,Horror
tt15391770,Corrective Measures,2022.0,"Action,Adventure,Crime"
tt15399372,Los reyes del mundo,2022.0,"Adventure,Drama"
tt15426938,Ghosted,2023.0,"Comedy,Drama,Romance"
tt15427420,H.P. Lovecraft's Witch House,2021.0,Horror
tt15437042,Curious George: Cape Ahoy,2021.0,"Adventure,Animation,Comedy"
tt15438542,Code Name Banshee,2022.0,"Action,Thriller"
tt15441472,The Price We Pay,2022.0,"Action,Horror,Thriller"
tt15445056,Athena,2022.0,"Action,Drama,Thriller"
tt15455710,Skin,2021.0,Documentary
tt15466426,Alle hater Johan,2022.0,Comedy
tt15471560,Fumer fait tousser,2022.0,"Comedy,Horror,Sci-Fi"
tt15474916,Smile,2022.0,"Horror,Mystery,Thriller"
tt15486810,Teen Wolf: The Movie,2023.0,"Action,Comedy,Crime"
tt1551614,Blowback,2022.0,"Action,Crime,Thriller"
tt15536668,Rheingold,2022.0,"Biography,Crime,Drama"
tt15538570,Johnny,2022.0,"Biography,Drama"
tt15553758,Kangaroo Valley,2022.0,Documentary
tt15558152,The Visitor,2022.0,"Drama,Horror,Mystery"
tt15565714,Dawid i Elfy,2021.0,"Comedy,Family,Fantasy"
tt1560220,Zombieland: Double Tap,2019.0,"Action,Comedy,Horror"
tt1563742,Overboard,2018.0,"Comedy,Romance"
tt15654800,Era ora,2022.0,"Comedy,Drama,Fantasy"
tt15671028,No Hard Feelings,2023.0,"Comedy,Romance"
tt15676664,Venus,2022.0,"Action,Horror,Thriller"
tt15679400,Knock at the Cabin,2023.0,"Horror,Mystery,Thriller"
tt15686024,Togo,2022.0,"Crime,Drama,Thriller"
tt15690300,Hot Seat,2022.0,"Action,Thriller"
tt15693006,Hustle,2021.0,Drama
tt15710826,Jungle,2021.0,Romance
tt1571234,Mortal Engines,2018.0,"Action,Adventure,Fantasy"
tt15713012,Overdose,2022.0,"Action,Crime,Thriller"
tt15721088,High Heat,2022.0,"Action,Comedy,Crime"
tt15727294,What We Leave Behind,2022.0,Documentary
tt15738214,La Princesa,2022.0,Action
tt15740736,Ténor,2022.0,"Comedy,Drama,Music"
tt15745084,V for Vengeance,2022.0,"Action,Adventure,Horror"
tt15745226,Darby and the Dead,2022.0,"Comedy,Drama,Fantasy"
tt15751968,Smile,2022.0,Horror
tt15777864,Hilda and the Mountain King,2021.0,"Adventure,Animation,Comedy"
tt15789038,Elemental,2023.0,"Adventure,Animation,Comedy"
tt15789492,Infiesto,2023.0,"Action,Adventure,Crime"
tt15790974,Deinfluencer,2022.0,"Horror,Thriller"
tt15791034,Barbarian,2022.0,"Horror,Mystery,Thriller"
tt15815090,Nebo,2021.0,"Action,Biography,Drama"
tt15826266,Amina,2022.0,Drama
tt15829724,The Locksmith,2023.0,"Action,Crime,Mystery"
tt15847828,Diary of a Wimpy Kid: Rodrick Rules,2022.0,"Animation,Comedy,Drama"
tt15847872,Amina,2021.0,"Action,Adventure,Biography"
tt15847880,Mal de ojo,2022.0,Horror
tt15852350,Sick,2021.0,"Drama,Romance"
tt15893750,Rye Lane,2023.0,"Comedy,Drama,Romance"
tt1590193,The Commuter,2018.0,"Action,Mystery,Thriller"
tt15941636,El Suplente,2022.0,"Crime,Drama,Thriller"
tt1596342,Disenchanted,2022.0,"Adventure,Animation,Comedy"
tt1596557,The Tiger Rising,2022.0,Family
tt15978956,Wifelike,2022.0,"Crime,Mystery,Sci-Fi"
tt16027944,Depois do Universo,2022.0,"Comedy,Drama,Romance"
tt16088674,Mahjong Nights,2021.0,Drama
tt16127696,There's Something Wrong with the Children,2023.0,"Horror,Mystery"
tt1615160,The Foreigner,2017.0,"Action,Crime,Thriller"
tt1618434,Murder Mystery,2019.0,"Crime,Mystery,Romance"
tt1620981,The Addams Family,2019.0,"Animation,Comedy,Family"
tt16233476,Cazadora,2023.0,Thriller
tt16233952,Something from Tiffany's,2022.0,"Comedy,Family,Romance"
tt16244642,Split,2019.0,Drama
tt16277296,Missing,2021.0,Drama
tt16280138,Magic Mike's Last Dance,2023.0,"Comedy,Drama"
tt16283622,Blackout,2021.0,"Action,Comedy,Romance"
tt1630029,Avatar: The Way of Water,2022.0,"Action,Adventure,Animation"
tt16306510,Rubius X,2022.0,Documentary
tt16352350,One Way,2021.0,Drama
tt16375952,Dangerous Game: The Legacy Murders,2022.0,"Horror,Mystery,Thriller"
tt16413912,The Son,2021.0,Documentary
tt16419074,Air,2023.0,"Drama,Sport"
tt16425392,Alone,2021.0,"Adventure,Drama"
tt16428282,Assassin,2021.0,Thriller
tt16430904,Jason Isbell: Running with Our Eyes Closed,2023.0,Documentary
tt16436056,Iluzja,2022.0,Drama
tt16437278,The Strays,2023.0,"Drama,Mystery,Thriller"
tt16449394,Collide,2022.0,Action
tt16465708,The System,2021.0,Drama
tt16477264,Beauty and the Beast,2021.0,Romance
tt1648190,The Dark Tower,2017.0,"Action,Adventure,Drama"
tt16491324,Honor Society,2022.0,"Comedy,Romance"
tt1649418,The Gray Man,2022.0,"Action,Mystery,Thriller"
tt16527290,Wire Room,2022.0,"Action,Thriller"
tt1655389,Blonde,2022.0,"Drama,History"
tt1655444,There Are No Saints,2022.0,"Action,Adventure,Crime"
tt16589018,Anna,2018.0,Drama
tt16589584,Atrapadas en Familia,2023.0,Comedy
tt16611138,War of the Worlds: Annihilation,2021.0,"Action,Sci-Fi,Thriller"
tt16636178,El paseo 6,2021.0,Comedy
tt16757252,Eva,2021.0,"Drama,Romance"
tt1677720,Ready Player One,2018.0,"Action,Adventure,Sci-Fi"
tt1691916,Before I Fall,2017.0,"Drama,Fantasy,Mystery"
tt16969934,Spoiler Alert,2022.0,Comedy
tt16978498,Alone,2021.0,"Action,Horror"
tt17041964,Navalny,2022.0,"Biography,Documentary"
tt17042714,Dracula: The Original Living Vampire,2022.0,"Horror,Thriller"
tt17049058,La très très grande classe,2022.0,Comedy
tt17056484,Bad Trip,2022.0,"Crime,Drama"
tt17076046,Weird: The Al Yankovic Story,2022.0,"Action,Biography,Comedy"
tt17080412,Survive,2022.0,"Adventure,Drama,Thriller"
tt17196124,Grimcutty,2022.0,"Drama,Horror,Mystery"
tt17202326,Matriarch,2022.0,Horror
tt17219636,Lord of the Streets,2022.0,Action
tt17221298,Unhuman,2022.0,"Comedy,Horror,Thriller"
tt1727824,Bohemian Rhapsody,2018.0,"Biography,Drama,Music"
tt17291716,Heatwave,2022.0,Thriller
tt17321230,Prom Pact,2023.0,"Comedy,Family,Romance"
tt17371488,The House,2023.0,Sci-Fi
tt17372462,The Aviary,2022.0,Thriller
tt1745960,Top Gun: Maverick,2022.0,"Action,Drama"
tt17497830,NOiSE,2022.0,Horror
tt17527124,Collide,2022.0,Thriller
tt17528598,Venom,2019.0,Drama
tt1753383,A Dog's Purpose,2017.0,"Adventure,Comedy,Drama"
tt17595262,Klienten,2022.0,"Crime,Drama,Mystery"
tt17658456,Clean,2022.0,Documentary
tt17663992,Scream VI,2023.0,"Horror,Mystery,Thriller"
tt1777606,Rosaline,2022.0,"Comedy,Romance"
tt1785635,The Vault,2017.0,"Crime,Horror,Mystery"
tt1790809,Pirates of the Caribbean: Dead Men Tell No Tales,2017.0,"Action,Adventure,Fantasy"
tt1798632,Firestarter,2022.0,"Drama,Horror,Sci-Fi"
tt18059108,Surviving Paradise: A Family Tale,2022.0,Documentary
tt18072540,La niña de la comunión,2022.0,Horror
tt18079362,80 for Brady,2023.0,"Comedy,Drama,Sport"
tt18082726,El GUAU,2022.0,Comedy
tt18082758,The Takeover,2022.0,"Action,Crime,Thriller"
tt18092672,Gulltransporten,2022.0,"Drama,Thriller,War"
tt1825683,Black Panther,2018.0,"Action,Adventure,Sci-Fi"
tt18264266,Silip sa apoy,2022.0,Drama
tt18376122,"Pamela, a Love Story",2023.0,"Biography,Documentary"
tt18393816,Mari(dos),2023.0,Comedy
tt18394428,Titanic 666,2022.0,"Horror,Thriller"
tt18436930,Un crimen argentino,2022.0,"Crime,Thriller"
tt18450548,Kal,2022.0,"Drama,Romance"
tt1846589,Hunter Killer,2018.0,"Action,Thriller"
tt18546626,El Lado Salvaje,2018.0,Documentary
tt1856101,Blade Runner 2049,2017.0,"Action,Drama,Mystery"
tt18563148,Silverton Siege,2022.0,"Action,Crime,Drama"
tt18688184,Matrimillas,2022.0,"Comedy,Romance"
tt18747542,Faraway,2023.0,"Comedy,Drama,Romance"
tt1877830,The Batman,2022.0,"Action,Crime,Drama"
tt18925334,Pearl,2022.0,"Drama,Horror,Thriller"
tt18950998,One Way,2022.0,Drama
tt19034332,The Mystery of Marilyn Monroe: The Unheard Tapes,2022.0,"Biography,Crime,Documentary"
tt19113302,Fugitive: The Curious Case of Carlos Ghosn,2022.0,Documentary
tt19245020,Black Site,2022.0,Action
tt19246408,Bursa Bülbülü,2023.0,"Comedy,Drama,Music"
tt1935194,Overdrive,2017.0,"Action,Adventure,Crime"
tt19408390,Acampamento Intergaláctico,2022.0,"Adventure,Comedy,Family"
tt1950186,Ford v Ferrari,2019.0,"Action,Biography,Drama"
tt19512922,Aftersun,2022.0,"Drama,Mystery,Thriller"
tt1959563,The Hitman's Bodyguard,2017.0,"Action,Comedy,Crime"
tt1961175,American Assassin,2017.0,"Action,Thriller"
tt19637852,Halftime,2022.0,"Biography,Documentary,Music"
tt19704612,Gangs of Lagos,2023.0,"Crime,Thriller"
tt19724142,Ostatnia wieczerza,2022.0,"Horror,Mystery"
tt19724270,Noc w przedszkolu,2022.0,Comedy
tt1972591,King Arthur: Legend of the Sword,2017.0,"Action,Adventure,Drama"
tt19758012,1976,2022.0,Drama
tt19770238,Aftersun,2022.0,Drama
tt1979376,Toy Story 4,2019.0,"Adventure,Animation,Comedy"
tt1981128,Geostorm,2017.0,"Action,Sci-Fi,Thriller"
tt19820906,Matando el tiempo,2022.0,Horror
tt19853002,El monte,2022.0,"Drama,Fantasy"
tt19864828,Memory,2023.0,Drama
tt19869024,Sayen,2023.0,"Action,Thriller"
tt1987680,The Upside,2017.0,"Comedy,Drama"
tt19880966,Dog,2022.0,"Drama,Thriller"
tt19885330,El último hereje,2022.0,"Horror,Thriller"
tt19896418,A Waltons Thanksgiving,2022.0,Drama
tt20101986,Bring It On: Cheer or Die,2022.0,"Comedy,Horror"
tt20192230,Green Lantern: Beware My Power,2022.0,"Action,Adventure,Animation"
tt20225374,Vesper,2022.0,"Adventure,Drama,Sci-Fi"
tt20256346,Aftermath,2017.0,Drama
tt2034176,Redcon-1,2018.0,"Action,Horror,Thriller"
tt20418306,Reggie,2023.0,"Documentary,Sport"
tt20567314,Aaahh Belinda,2023.0,"Comedy,Drama"
tt2072233,Sleepless,2017.0,"Action,Crime,Thriller"
tt2076822,Chaos Walking,2021.0,"Action,Adventure,Drama"
tt20855032,Revenge,2022.0,"Adult,Crime,Drama"
tt20879602,Maybe I Do,2023.0,"Comedy,Romance"
tt2091256,Captain Underpants: The First Epic Movie,2017.0,"Action,Adventure,Animation"
tt20917338,Scrooge: A Christmas Carol,2022.0,"Adventure,Animation,Comedy"
tt21059520,Girl in the Picture,2022.0,"Crime,Documentary,Mystery"
tt21072134,Shattered,2021.0,Drama
tt21078728,Virgin Forest,2022.0,"Drama,Thriller"
tt21094962,Kidnap,2022.0,Thriller
tt21094994,R.I.P.D. 2: Rise of the Damned,2022.0,"Action,Adventure,Comedy"
tt2114504,Woody Woodpecker,2017.0,"Adventure,Animation,Comedy"
tt21148942,Kral Sakir: Geri Dönüsüm,2022.0,"Adventure,Animation,Comedy"
tt21149522,Natale a tutti i costi,2022.0,Comedy
tt2119543,The House with a Clock in Its Walls,2018.0,"Comedy,Family,Fantasy"
tt21199996,13 exorcismos,2022.0,"Horror,Thriller"
tt21211058,Smile,2022.0,Drama
tt21222434,Sniper: Rogue Mission,2022.0,"Action,Thriller"
tt21228320,Look Away,2021.0,Documentary
tt21245882,A través del mar,2023.0,"Comedy,Drama,Romance"
tt21249656,Heaven in Hell,2023.0,"Drama,Romance"
tt21249716,Luca,2022.0,Thriller
tt21277532,Tahan,2022.0,"Drama,Thriller"
tt21281688,The Park,2023.0,"Action,Drama,Horror"
tt21281774,Los Ladrones: La verdadera historia del robo del siglo,2022.0,"Crime,Documentary"
tt21293676,Scorpio Nights 3,2022.0,Thriller
tt21307994,Skinamarink,2022.0,"Horror,Mystery"
tt21326658,Noise,2023.0,"Drama,Mystery,Thriller"
tt21340412,Inside the Mind of a Cat,2022.0,Documentary
tt21354728,Out of the Blue,2021.0,
tt21359852,Doblemente Embarazada 2,2022.0,Comedy
tt21378968,Trenque Lauquen,2022.0,"Drama,Mystery,Thriller"
tt21379574,Running with the Devil: The Wild World of John McAfee,2022.0,"Biography,Crime,Documentary"
tt21391230,Sicosexual,2022.0,Thriller
tt21399082,The Lake,2022.0,"Horror,Sci-Fi,Thriller"
tt21426434,Shark Side of the Moon,2022.0,"Action,Horror,Sci-Fi"
tt21435436,Detective Knight: Rogue,2022.0,"Action,Adventure,Crime"
tt21440188,Office Invasion,2022.0,"Action,Comedy,Horror"
tt21440780,How to Blow Up a Pipeline,2022.0,"Action,Crime,Drama"
tt21477618,Mortal Kombat Legends: Snow Blind,2022.0,"Action,Adventure,Animation"
tt21606432,Alice no Mundo da Internet,2022.0,"Family,Fantasy"
tt21611394,Lou,2022.0,Documentary
tt21651560,V/H/S/99,2022.0,Horror
tt21654704,Get Smart with Money,2022.0,Documentary
tt21742248,Vizinhos,2022.0,Comedy
tt2180339,Deep Water,2022.0,"Crime,Drama,Mystery"
tt21817022,Malvada,2022.0,"Comedy,Fantasy,Romance"
tt21819250,Selena Gomez: My Mind & Me,2022.0,"Biography,Documentary,Music"
tt21821944,Samson,2023.0,"Comedy,Thriller"
tt21833464,Bruiser,2022.0,Drama
tt21836538,The Figo Affair: The Transfer That Changed Football,2022.0,"Biography,Documentary,Sport"
tt21836576,Ivy + Bean: Doomed to Dance,2022.0,"Comedy,Family"
tt21836592,Ivy + Bean: The Ghost That Had to Go,2022.0,"Comedy,Family"
tt21837726,The Redeem Team,2022.0,"Documentary,History,Sport"
tt2184390,So Cold the River,2022.0,"Drama,Horror,Mystery"
tt21850902,Smile,2022.0,Drama
tt21860836,Obi-Wan Kenobi: A Jedi's Return,2022.0,Documentary
tt21862626,Kids vs. Aliens,2022.0,"Horror,Sci-Fi"
tt21874184,Revenge,2021.0,Action
tt21916206,Der Parfumeur,2022.0,"Crime,Drama,Mystery"
tt21929356,A Trip to Infinity,2022.0,Documentary
tt21932256,Time Pirates,2022.0,"Adventure,Comedy,Musical"
tt21933110,Old People,2022.0,Horror
tt21946802,Awake,2022.0,Thriller
tt21986238,Cinderella,2017.0,Family
tt21988454,Girl Friday,2022.0,Drama
tt21990264,El Tirabeque,2022.0,Comedy
tt21991298,Blackout,2022.0,"Drama,History,War"
tt22017230,Soft,2022.0,Drama
tt22037488,Fall,2022.0,Drama
tt22077666,Más respeto que soy tu madre,2022.0,Comedy
tt22091698,Esposa de Aluguel,2022.0,"Comedy,Romance"
tt22098310,Scream,2021.0,"Comedy,Horror,Music"
tt22185848,¡Que viva México!,2023.0,Comedy
tt2226597,The Mountain Between Us,2017.0,"Drama,Thriller"
tt2231461,Rampage,2018.0,"Action,Adventure,Sci-Fi"
tt22356366,Eva,2023.0,"Crime,Mystery,Thriller"
tt22394702,Detective Knight: Independence,2023.0,"Action,Crime,Mystery"
tt2239822,Valerian and the City of a Thousand Planets,2017.0,"Action,Adventure,Animation"
tt22408766,Attack on Titan,2022.0,"Action,Adventure,Sci-Fi"
tt22437050,Wild Is the Wind,2022.0,"Crime,Drama"
tt22489454,Paint,2022.0,Sport
tt2249081,The Forgiven,2017.0,"Drama,Thriller"
tt22495364,Tubero,2022.0,Drama
tt2250912,Spider-Man: Homecoming,2017.0,"Action,Adventure,Sci-Fi"
tt22526694,Solo Somos Carne,2022.0,Horror
tt22534924,Anna,2022.0,Drama
tt22656762,La caída,2022.0,"Drama,Sport"
tt2274648,Hellboy,2019.0,"Action,Adventure,Fantasy"
tt22769820,Legion of Super-Heroes,2023.0,"Action,Animation,Sci-Fi"
tt22774688,The Soccer Football Movie,2022.0,"Animation,Comedy,Family"
tt22802094,Beneath the Surface,2022.0,Documentary
tt2283336,Men in Black: International,2019.0,"Action,Adventure,Comedy"
tt2283362,Jumanji: Welcome to the Jungle,2017.0,"Action,Adventure,Comedy"
tt22900124,Orgasm Inc: The Story of OneTaste,2022.0,"Crime,Documentary"
tt23036332,El método Tangalanga,2022.0,Comedy
tt23116038,They/Them,2021.0,Documentary
tt23132146,Alone,2022.0,Documentary
tt23138450,Split,2022.0,Horror
tt23147592,Wait with Me,2023.0,Romance
tt2316204,Alien: Covenant,2017.0,"Horror,Sci-Fi,Thriller"
tt2316548,Beautiful Disaster,2023.0,"Comedy,Drama,Romance"
tt23186596,Blackout,2023.0,Horror
tt2328678,The King's Daughter,2022.0,"Action,Adventure,Family"
tt2328900,Mary Queen of Scots,2018.0,"Biography,Drama,History"
tt23330084,Prisoner of Love,2022.0,"Crime,Drama"
tt23330138,Noise,2022.0,Drama
tt23330518,Showroom,2022.0,"Crime,Drama,Thriller"
tt23343786,Plan lekcji,2022.0,"Action,Crime,Drama"
tt2345759,The Mummy,2017.0,"Action,Adventure,Fantasy"
tt23489688,Papá al Rescate,2023.0,"Comedy,Drama"
tt2353868,True Spirit,2023.0,"Adventure,Biography,Drama"
tt23553530,Nada que ver,2023.0,"Comedy,Drama,Romance"
tt23622516,Snow Day,2022.0,"Comedy,Family,Musical"
tt23622578,About Us But Not About Us,2022.0,Drama
tt23623604,L.O.L. Surprise! Winter Fashion Show,2022.0,"Animation,Comedy,Mystery"
tt23645498,One Way,2022.0,Thriller
tt23709686,Mi suegra me odia,2022.0,Comedy
tt23722792,I Believe in Santa,2022.0,"Comedy,Romance"
tt23724546,Us x Her,2022.0,"Drama,Romance,Thriller"
tt23777532,Luz mala,2022.0,Horror
tt23782662,Özel Ders,2022.0,"Comedy,Romance"
tt2380307,Coco,2017.0,"Adventure,Animation,Drama"
tt23805688,Eva,2022.0,Drama
tt23808016,Reviviendo la Navidad,2022.0,"Comedy,Fantasy"
tt2382320,No Time to Die,2021.0,"Action,Adventure,Thriller"
tt23860322,Life,2022.0,"Drama,Sci-Fi"
tt2386490,How to Train Your Dragon: The Hidden World,2019.0,"Action,Adventure,Animation"
tt23873674,El Asistente,2023.0,Comedy
tt23898856,Sentinelle,2023.0,"Action,Comedy,Crime"
tt23901220,Playing with Fire,2023.0,Comedy
tt23952252,Control,2023.0,"Action,Thriller"
tt2397461,Clifford the Big Red Dog,2021.0,"Adventure,Comedy,Family"
tt2398241,Smurfs: The Lost Village,2017.0,"Adventure,Animation,Comedy"
tt24058992,Spectre: Genesis,2023.0,"Action,Crime,Drama"
tt2406566,Atomic Blonde,2017.0,"Action,Thriller"
tt24067394,Burn Out,2022.0,Drama
tt2463208,The Adam Project,2022.0,"Action,Adventure,Comedy"
tt2481498,"Extremely Wicked, Shockingly Evil and Vile",2019.0,"Biography,Crime,Drama"
tt25032152,Soy Inocente,2023.0,Comedy
tt25145532,Family Matters,2022.0,Drama
tt2531344,Blockers,2018.0,"Comedy,Drama"
tt2543472,Wonder,2017.0,"Drama,Family"
tt25504146,Awake,2023.0,Drama
tt2557478,Pacific Rim: Uprising,2018.0,"Action,Adventure,Sci-Fi"
tt2560078,Boston Strangler,2023.0,"Crime,Drama,History"
tt2560092,The Magician's Elephant,2023.0,"Adventure,Animation,Comedy"
tt25602750,The Girl Who Escaped: The Kara Robinson Story,2023.0,"Crime,Drama,Thriller"
tt2568862,Going in Style,2017.0,"Comedy,Crime"
tt2584384,Jojo Rabbit,2019.0,"Comedy,Drama,War"
tt25872924,Waktu Maghrib,2023.0,"Horror,Mystery,Thriller"
tt25994098,Tag-init,2023.0,Drama
tt26082988,El Último Hombre Sobre La Tierra,2022.0,Comedy
tt2620590,Leatherface,2017.0,"Crime,Drama,Horror"
tt26350277,Ballerina,2023.0,"Action,Thriller"
tt2639336,Greta,2018.0,"Drama,Mystery,Thriller"
tt26426489,Bela Luna,2023.0,Drama
tt26458817,Llanto Maldito,2023.0,Horror
tt26491759,Eva,2022.0,Documentary
tt26599553,Collision,2017.0,Horror
tt26624713,Bars,2023.0,Drama
tt26671717,Lagaslas,2023.0,Drama
tt26679110,El lado salvaje,2022.0,Drama
tt26680124,After,2023.0,Drama
tt26734145,Suki,2023.0,Drama
tt26739529,Money Shot: The Pornhub Story,2023.0,Documentary
tt26739643,¿Encontró lo que buscaba?,2023.0,"Comedy,Drama"
tt26749243,"Des hommes, la nuit",2023.0,"Comedy,Drama"
tt26763229,Le roi des ombres,2023.0,"Crime,Drama,Thriller"
tt26820882,¡Asu Mare! Los amigos,2023.0,Comedy
tt2690634,The Bad Guys,2018.0,"Comedy,Drama"
tt26931203,Barbie: Skipper and the Big Babysitting Adventure,2023.0,"Animation,Family"
tt27005395,Grosso guaio all'Esquilino - La leggenda del kung fu,2023.0,Comedy
tt27049583,Cat Pack: A PAW Patrol Exclusive Event,2022.0,"Animation,Family"
tt2704998,Game Night,2018.0,"Action,Adventure,Comedy"
tt27078772,Lewis Capaldi: How I'm Feeling Now,2023.0,"Documentary,Music"
tt27079350,Here Comes the Groom,2023.0,Comedy
tt2709692,The Grinch,2018.0,"Animation,Comedy,Family"
tt27116016,Die Hart,2023.0,"Action,Comedy"
tt27155038,"Ruby Gillman, Teenage Kraken",2023.0,"Action,Adventure,Animation"
tt27163202,One Way,2023.0,"Action,Drama"
tt27165445,The House of the Lord,2023.0,Adventure
tt27191541,Mitat,2023.0,"Comedy,Drama"
tt27272780,Mi maestra se comió a mi amigo,2023.0,"Adventure,Comedy,Family"
tt27330602,Missing Link,2018.0,Drama
tt27331307,Anna,2023.0,Drama
tt27351126,Prisoner of Love,2023.0,Drama
tt27373005,Paupahan,2023.0,Drama
tt2737304,Bird Box,2018.0,"Horror,Mystery,Sci-Fi"
tt27441563,Kahit maputi na ang buhok ko,2023.0,Drama
tt27441678,Love You Long Time,2023.0,"Drama,Romance"
tt27443929,Yung libro sa napanood ko,2023.0,Drama
tt27486518,Alone,2023.0,Thriller
tt27554611,Uncharted,2023.0,Documentary
tt27589628,Samson,2019.0,
tt27644744,Crisis,2023.0,Drama
tt2771200,Beauty and the Beast,2017.0,"Adventure,Family,Fantasy"
tt27727264,The Reading,2023.0,Comedy
tt27731657,The Locksmith,2023.0,"Action,Thriller"
tt27834173,The Little Mermaid,2023.0,"Animation,Comedy,Drama"
tt27847296,Injustice,2022.0,Drama
tt27850479,Revenge,2023.0,Action
tt27881382,Tag,2023.0,"Action,Comedy"
tt27896561,Broken Ties,2022.0,Documentary
tt2798920,Annihilation,2018.0,"Adventure,Drama,Horror"
tt27994371,Aftermath,2023.0,Drama
tt28021989,The House,2023.0,Horror
tt28045482,Novembre,2023.0,Documentary
tt28198714,Truth or Dare,2023.0,Drama
tt28219841,The Takeover,2023.0,Crime
tt28350638,Alone,2022.0,Drama
tt28396506,Revenge,2023.0,Drama
tt28506804,Unforgettable,2023.0,Drama
tt28525465,Alone,2023.0,Drama
tt2854926,Tag,2018.0,"Action,Comedy"
tt28673107,Forever My Girl,2023.0,Drama
tt28684196,Singularity,2022.0,Drama
tt2872518,The Shack,2017.0,"Drama,Fantasy"
tt2873282,Red Sparrow,2018.0,"Action,Drama,Thriller"
tt28779759,Rise,2022.0,Horror
tt28787299,Rise,2022.0,Music
tt28798258,Rise,2022.0,Music
tt2906216,Dungeons & Dragons: Honor Among Thieves,2023.0,"Action,Adventure,Comedy"
tt29138095,Truth or Dare,2023.0,Drama
tt2935622,The School for Good and Evil,2022.0,"Action,Comedy,Drama"
tt29370515,Son,2023.0,Documentary
tt29406353,Sonríe,2021.0,"Horror,Thriller"
tt29415706,The Walk,2023.0,Documentary
tt29425308,Collision,2023.0,Documentary
tt2943946,The Circle,2017.0,"Drama,Horror,Thriller"
tt29464904,The Mummy,2023.0,Documentary
tt29479942,Dragon Knight,2023.0,
tt2953050,Encanto,2021.0,"Animation,Comedy,Family"
tt29534648,Athena,2023.0,
tt29578947,Scream,2023.0,"Family,History"
tt29765713,Burn,2022.0,Drama
tt2980152,Abandoned,2022.0,"Drama,Horror,Mystery"
tt2992252,Burn,2022.0,"Crime,Thriller"
tt29959726,Alpha,2021.0,Documentary
tt30037161,The Stranger,2022.0,Drama
tt3014284,The Lego Ninjago Movie,2017.0,"Action,Adventure,Animation"
tt30221205,The Farm,2018.0,Documentary
tt3031654,Ennio,2021.0,"Biography,Documentary,History"
tt30448039,Euphoria,2022.0,Drama
tt30456695,Run,2021.0,
tt3055010,The Locksmith,2019.0,Horror
tt31038120,Ava,2023.0,Drama
tt3104988,Crazy Rich Asians,2018.0,"Comedy,Drama,Romance"
tt31050020,Once Upon a Deadpool,2018.0,"Action,Adventure,Comedy"
tt31324218,Lady Chatterley's Lover,2022.0,"Musical,Romance"
tt3155298,Luther: The Fallen Sun,2023.0,"Action,Crime,Drama"
tt31627557,Revenge,2021.0,Drama
tt31630044,Fractured,2022.0,Action
tt31630269,Fractured,2022.0,"Action,Comedy,Drama"
tt3183402,Verónica,2017.0,"Drama,Mystery,Thriller"
tt31859333,Blaze,2023.0,Drama
tt31973984,On the Line,2022.0,Documentary
tt3201640,Extinction,2018.0,"Action,Drama,Sci-Fi"
tt3215824,Those Who Wish Me Dead,2021.0,"Action,Drama,Thriller"
tt3228774,Cruella,2021.0,"Adventure,Comedy,Crime"
tt3256226,IO,2019.0,"Adventure,Drama,Sci-Fi"
tt3263946,Trial by Fire,2018.0,"Biography,Drama"
tt3272066,Reminiscence,2021.0,"Mystery,Romance,Sci-Fi"
tt32799269,Extinction,2021.0,Documentary
tt3280262,Cult of Chucky,2017.0,"Horror,Thriller"
tt33030329,Homebound,2021.0,"Action,Animation"
tt33038247,Shattered,2023.0,Drama
tt33090645,Separation,2023.0,Drama
tt3315342,Logan,2017.0,"Action,Drama,Sci-Fi"
tt33213601,Trial by Fire,2022.0,Drama
tt33265428,Anna,2019.0,
tt3348730,Jigsaw,2017.0,"Horror,Mystery,Thriller"
tt3371366,Transformers: The Last Knight,2017.0,"Action,Adventure,Comedy"
tt3387520,Scary Stories to Tell in the Dark,2019.0,"Adventure,Horror,Mystery"
tt3401882,Fist Fight,2017.0,Comedy
tt3402236,Murder on the Orient Express,2017.0,"Comedy,Crime,Drama"
tt3411444,Ferdinand,2017.0,"Adventure,Animation,Comedy"
tt3416670,The Independent,2022.0,"Crime,Mystery,Thriller"
tt3420504,Finch,2021.0,"Adventure,Drama,Sci-Fi"
tt3450958,War for the Planet of the Apes,2017.0,"Action,Adventure,Drama"
tt3462710,Unforgettable,2017.0,"Drama,Thriller"
tt3467362,Resurrection,2017.0,Drama
tt3469046,Despicable Me 3,2017.0,"Adventure,Animation,Comedy"
tt3480822,Black Widow,2021.0,"Action,Adventure,Sci-Fi"
tt3501112,Security,2017.0,"Action,Crime,Thriller"
tt3501632,Thor: Ragnarok,2017.0,"Action,Adventure,Comedy"
tt3513498,The Lego Movie 2: The Second Part,2019.0,"Adventure,Animation,Comedy"
tt3513500,Chip 'n Dale: Rescue Rangers,2022.0,"Action,Adventure,Animation"
tt3532216,American Made,2017.0,"Action,Comedy,Crime"
tt35422343,Noise,2023.0,Documentary
tt3543918,The Second Coming of Christ,2018.0,"Action,Drama,Family"
tt3554046,Space Jam: A New Legacy,2021.0,"Adventure,Animation,Comedy"
tt3564472,Girls Trip,2017.0,"Adventure,Comedy,Drama"
tt3581652,West Side Story,2021.0,"Crime,Drama,Musical"
tt3584496,Mermaid Down,2019.0,"Fantasy,Horror,Mystery"
tt3606752,Cars 3,2017.0,"Adventure,Animation,Comedy"
tt3606756,Incredibles 2,2018.0,"Action,Adventure,Animation"
tt3626476,Vacation Friends,2021.0,"Adventure,Comedy"
tt36484623,Shattered,2021.0,Thriller
tt3662308,Belzebuth,2017.0,Horror
tt36671451,Halloween,2022.0,"Drama,Horror"
tt3696180,The Forgiven,2021.0,Drama
tt3704428,Elvis,2022.0,"Biography,Drama,Music"
tt3706352,All the Old Knives,2022.0,"Mystery,Thriller"
tt3717490,Power Rangers,2017.0,"Action,Adventure,Fantasy"
tt37239188,The Hustle,2023.0,Drama
tt3727750,Gifted,2018.0,Documentary
tt3731562,Kong: Skull Island,2017.0,"Action,Adventure,Fantasy"
tt3741700,Godzilla: King of the Monsters,2019.0,"Action,Adventure,Fantasy"
tt3748172,Gerald's Game,2017.0,"Drama,Horror,Thriller"
tt3758162,A Score to Settle,2019.0,"Action,Crime,Drama"
tt3758172,Jungle,2017.0,"Adventure,Biography,Drama"
tt3766354,The Equalizer 2,2018.0,"Action,Crime,Mystery"
tt3778644,Solo: A Star Wars Story,2018.0,"Action,Adventure,Sci-Fi"
tt37879980,Murder Mystery,2022.0,Mystery
tt3799232,The Kissing Booth,2018.0,"Comedy,Romance"
tt3811906,Malignant,2021.0,"Crime,Horror,Mystery"
tt3829266,The Predator,2018.0,"Action,Adventure,Sci-Fi"
tt3829920,Only the Brave,2017.0,"Action,Biography,Drama"
tt3833480,The Outpost,2019.0,"Action,Drama,History"
tt3846674,To All the Boys I've Loved Before,2018.0,"Comedy,Drama,Romance"
tt38589043,The House,2019.0,
tt3861390,Dumbo,2019.0,"Adventure,Animation,Family"
tt3874544,The Boss Baby,2017.0,"Adventure,Animation,Comedy"
tt3876910,Dangerous,2021.0,"Action,Thriller"
tt3890160,Baby Driver,2017.0,"Action,Crime,Drama"
tt3896102,Tadeo Jones 2: El secreto del Rey Midas,2017.0,"Adventure,Animation,Comedy"
tt3896198,Guardians of the Galaxy Vol. 2,2017.0,"Action,Adventure,Comedy"
tt39007140,The Hustle,2023.0,Drama
tt3915174,Puss in Boots: The Last Wish,2022.0,"Action,Adventure,Animation"
tt3917506,Benny Loves You,2019.0,"Comedy,Horror,Thriller"
tt3920820,Brian Banks,2018.0,"Biography,Drama,Sport"
tt3922818,The Space Between Us,2017.0,"Drama,Romance,Sci-Fi"
tt39308861,Bros,2023.0,Drama
tt3967856,Okja,2017.0,"Action,Adventure,Drama"
tt39719730,The Hunting,2022.0,"Action,Adventure,Drama"
tt39847363,Aftermath,2022.0,Documentary
tt4006302,Level 16,2018.0,"Drama,Mystery,Thriller"
tt4029412,Panama,2022.0,"Action,Thriller"
tt4034112,Alone,2017.0,Drama
tt4073790,The Darkest Minds,2018.0,"Action,Adventure,Drama"
tt4080956,A Prayer Before Dawn,2017.0,"Action,Biography,Crime"
tt4081630,The Valet,2022.0,"Comedy,Drama,Romance"
tt4103724,Forever My Girl,2018.0,"Comedy,Drama,Music"
tt4106376,Renegades,2017.0,"Action,Adventure,Crime"
tt4116284,The Lego Batman Movie,2017.0,"Action,Adventure,Animation"
tt4123430,Fantastic Beasts: The Crimes of Grindelwald,2018.0,"Adventure,Family,Fantasy"
tt4123432,Fantastic Beasts: The Secrets of Dumbledore,2022.0,"Adventure,Fantasy"
tt4126476,After,2019.0,"Drama,Romance"
tt4131800,My Little Pony: The Movie,2017.0,"Adventure,Animation,Comedy"
tt4136456,The Virtuoso,2021.0,"Action,Drama,Thriller"
tt4139588,Polar,2019.0,"Action,Crime,Thriller"
tt4154664,Captain Marvel,2019.0,"Action,Adventure,Sci-Fi"
tt4154756,Avengers: Infinity War,2018.0,"Action,Adventure,Sci-Fi"
tt4154796,Avengers: Endgame,2019.0,"Action,Adventure,Sci-Fi"
tt4155534,Animal Crackers,2017.0,"Adventure,Animation,Comedy"
tt4209788,Molly's Game,2017.0,"Biography,Crime,Drama"
tt4218572,Widows,2018.0,"Crime,Drama,Thriller"
tt4225622,The Babysitter,2017.0,"Comedy,Horror"
tt4244994,The Last Duel,2021.0,"Drama,History,Thriller"
tt4244998,Alpha,2018.0,"Adventure,Drama"
tt4266076,La nuit a dévoré le monde,2018.0,"Drama,Horror,Thriller"
tt4273800,The Good Nurse,2022.0,"Biography,Crime,Drama"
tt4287320,The Circle,2017.0,"Drama,Mystery,Sci-Fi"
tt4294970,I Believe,2017.0,"Drama,Family,Fantasy"
tt4299234,Fire Island,2019.0,Romance
tt4332232,Fractured,2019.0,"Drama,Mystery,Thriller"
tt4335614,Blackout,2018.0,"Horror,Thriller"
tt4367326,The Forgiven,2021.0,"Drama,Family,Thriller"
tt4425200,John Wick: Chapter 2,2017.0,"Action,Crime,Thriller"
tt4428398,Paws of Fury: The Legend of Hank,2022.0,"Action,Adventure,Animation"
tt4439620,Redemption Day,2021.0,"Action,Drama,Thriller"
tt4459134,Frank and Penelope,2022.0,"Horror,Thriller"
tt4460430,Run,2017.0,Thriller
tt4465564,Fifty Shades Darker,2017.0,"Drama,Mystery,Romance"
tt4468740,Paddington 2,2017.0,"Adventure,Comedy,Family"
tt4471908,Prizefighter: The Life of Jem Belcher,2022.0,"Biography,Drama,History"
tt4477536,Fifty Shades Freed,2018.0,"Drama,Mystery,Romance"
tt4479380,SAS: Red Notice,2021.0,Action
tt4481414,Gifted,2017.0,Drama
tt4481514,The House,2017.0,"Comedy,Crime"
tt4500922,Maze Runner: The Death Cure,2018.0,"Action,Adventure,Sci-Fi"
tt4513678,Ghostbusters: Afterlife,2021.0,"Adventure,Comedy,Fantasy"
tt4520988,Frozen II,2019.0,"Adventure,Animation,Comedy"
tt4530422,Overlord,2018.0,"Action,Horror,Sci-Fi"
tt4532826,Robin Hood,2018.0,"Action,Adventure,Drama"
tt4555426,Darkest Hour,2017.0,"Biography,Drama,History"
tt4560436,Mile 22,2018.0,"Action,Crime,Thriller"
tt4575576,Christopher Robin,2018.0,"Adventure,Comedy,Drama"
tt4581576,Aftermath,2017.0,"Drama,Mystery,Thriller"
tt4587656,The Star,2017.0,"Adventure,Animation,Comedy"
tt4590256,He's All That,2021.0,"Comedy,Romance"
tt4593060,Pinocchio,2022.0,"Adventure,Animation,Comedy"
tt4595186,Luckiest Girl Alive,2022.0,"Drama,Mystery,Thriller"
tt4614584,Purple Hearts,2022.0,"Drama,Music,Romance"
tt4624366,Monstrous,2022.0,"Horror,Mystery,Thriller"
tt4630562,The Fate of the Furious,2017.0,"Action,Crime,Thriller"
tt4633690,Shot Caller,2017.0,"Crime,Drama,Thriller"
tt4633694,Spider-Man: Into the Spider-Verse,2018.0,"Action,Adventure,Animation"
tt4649466,Kingsman: The Golden Circle,2017.0,"Action,Adventure,Comedy"
tt4663548,All Saints,2017.0,Drama
tt4667610,American Badger,2019.0,"Action,Drama,Thriller"
tt4687108,In the Tall Grass,2019.0,"Horror,Mystery,Sci-Fi"
tt4701182,Bumblebee,2018.0,"Action,Adventure,Sci-Fi"
tt4729430,Klaus,2019.0,"Adventure,Animation,Comedy"
tt4729896,Apostasy,2017.0,Drama
tt4733624,Fatherhood,2021.0,"Comedy,Drama"
tt4769758,The Lake,2017.0,"Drama,Horror,Thriller"
tt4777008,Maleficent: Mistress of Evil,2019.0,"Adventure,Drama,Family"
tt4779682,The Meg,2018.0,"Action,Adventure,Horror"
tt4788734,Homebound,2021.0,"Drama,Horror,Mystery"
tt4795124,How to Be a Latin Lover,2017.0,"Comedy,Drama"
tt4799066,Midnight Sun,2018.0,"Drama,Romance"
tt4815122,Time Trap,2017.0,"Action,Adventure,Mystery"
tt4876134,The Misfits,2021.0,"Action,Adventure,Comedy"
tt4877122,The Emoji Movie,2017.0,"Adventure,Animation,Comedy"
tt4881806,Jurassic World: Fallen Kingdom,2018.0,"Action,Adventure,Sci-Fi"
tt4912910,Mission: Impossible - Fallout,2018.0,"Action,Adventure,Thriller"
tt4913966,The Curse of La Llorona,2019.0,"Horror,Mystery,Thriller"
tt4925292,Lady Bird,2017.0,"Comedy,Drama"
tt4960748,Till,2022.0,"Biography,Crime,Drama"
tt4991372,The Park,2017.0,Action
tt4998632,Ambulance,2022.0,"Action,Crime,Drama"
tt5001754,Braven,2018.0,"Action,Thriller"
tt5012504,Injustice,2021.0,"Action,Adventure,Animation"
tt5013056,Dunkirk,2017.0,"Action,Drama,History"
tt5022918,One Way,2018.0,Thriller
tt5027774,"Three Billboards Outside Ebbing, Missouri",2017.0,"Comedy,Crime,Drama"
tt5028340,Mary Poppins Returns,2018.0,"Adventure,Comedy,Family"
tt5033998,Charlie's Angels,2019.0,"Action,Adventure,Comedy"
tt5034838,Godzilla vs. Kong,2021.0,"Action,Sci-Fi,Thriller"
tt5034870,Magnum Opus,2017.0,"Drama,Thriller"
tt5052448,Get Out,2017.0,"Horror,Mystery,Thriller"
tt5052474,Sicario: Day of the Soldado,2018.0,"Action,Crime,Drama"
tt5090568,Transformers: Rise of the Beasts,2023.0,"Action,Adventure,Sci-Fi"
tt5093026,Papillon,2017.0,"Adventure,Biography,Crime"
tt5095030,Ant-Man and the Wasp,2018.0,"Action,Adventure,Comedy"
tt5104604,Isle of Dogs,2018.0,"Adventure,Animation,Comedy"
tt5108870,Morbius,2022.0,"Action,Adventure,Horror"
tt5109280,Raya and the Last Dragon,2021.0,"Action,Adventure,Animation"
tt5109784,Mother!,2017.0,"Drama,Horror,Mystery"
tt5113040,The Secret Life of Pets 2,2019.0,"Adventure,Animation,Comedy"
tt5113044,Minions: The Rise of Gru,2022.0,"Adventure,Animation,Comedy"
tt5116302,Togo,2019.0,"Adventure,Biography,Drama"
tt5117670,Peter Rabbit,2018.0,"Adventure,Animation,Comedy"
tt5140878,Annabelle: Creation,2017.0,"Horror,Mystery,Thriller"
tt5151570,Mrs. Harris Goes to Paris,2022.0,"Comedy,Drama"
tt5155360,First Love,2019.0,Drama
tt5159414,Escape Room,2017.0,"Horror,Thriller"
tt5164214,Ocean's Eight,2018.0,"Comedy,Crime,Thriller"
tt5164432,"Love, Simon",2018.0,"Comedy,Drama,Romance"
tt5168832,After Porn Ends 2,2017.0,Documentary
tt5177088,The Girl in the Spider's Web,2018.0,"Action,Adventure,Crime"
tt5181830,Wendell & Wild,2022.0,"Adventure,Animation,Comedy"
tt5220122,Hotel Transylvania 3: Summer Vacation,2018.0,"Adventure,Animation,Comedy"
tt5246700,How It Ends,2018.0,"Action,Drama,Horror"
tt5300236,Glass,2017.0,"Drama,Sci-Fi"
tt5308322,Happy Death Day,2017.0,"Comedy,Horror,Mystery"
tt5315210,Lou,2022.0,"Action,Adventure,Crime"
tt5315212,Senior Year,2022.0,"Comedy,Drama"
tt5316540,Close,2019.0,"Action,Drama,Thriller"
tt5322012,Wish Upon,2017.0,"Drama,Fantasy,Horror"
tt5360952,The Hurricane Heist,2018.0,"Action,Adventure,Crime"
tt5360996,Mary Magdalene,2018.0,"Biography,Drama,History"
tt5362988,Wind River,2017.0,"Crime,Drama,Mystery"
tt5433138,F9,2021.0,"Action,Crime,Thriller"
tt5433140,Fast X,2023.0,"Action,Adventure,Crime"
tt5439796,Logan Lucky,2017.0,"Action,Comedy,Crime"
tt5442430,Life,2017.0,"Horror,Sci-Fi,Thriller"
tt5448338,Plan A,2021.0,"Drama,History,Thriller"
tt5463162,Deadpool 2,2018.0,"Action,Adventure,Comedy"
tt5481010,Shattered,2017.0,Thriller
tt5493944,The Little Mermaid,2018.0,"Adventure,Drama,Fantasy"
tt5494544,Abandoned,2021.0,"Horror,Thriller"
tt5500218,Samaritan,2022.0,"Action,Drama,Fantasy"
tt5503686,Hustlers,2019.0,"Comedy,Crime,Drama"
tt5519340,Bright,2017.0,"Action,Fantasy,Thriller"
tt5523010,The Nutcracker and the Four Realms,2018.0,"Adventure,Family,Fantasy"
tt5533370,Lamborghini: The Man Behind the Legend,2022.0,"Biography,Drama,Sport"
tt5539054,You Get Me,2017.0,"Crime,Drama,Mystery"
tt5562070,Wish Dragon,2021.0,"Adventure,Animation,Comedy"
tt5563324,Intrusion,2021.0,"Action,Drama,Mystery"
tt5580036,"I, Tonya",2017.0,"Biography,Comedy,Drama"
tt5580266,The Hate U Give,2018.0,"Crime,Drama"
tt5580390,The Shape of Water,2017.0,"Drama,Fantasy,Romance"
tt5606664,Doctor Sleep,2019.0,"Drama,Fantasy,Horror"
tt5610626,Dragonheart: Battle for the Heartfire,2017.0,"Action,Adventure,Drama"
tt5624466,Son,2021.0,"Horror,Thriller"
tt5628302,Beast,2017.0,"Crime,Drama,Mystery"
tt5638642,The Ritual,2017.0,"Horror,Mystery,Thriller"
tt5657846,Daddy's Home 2,2017.0,Comedy
tt5664636,Goosebumps 2: Haunted Halloween,2018.0,"Adventure,Comedy,Fantasy"
tt5690360,Slender Man,2018.0,"Horror,Mystery,Thriller"
tt5698320,Euphoria,2017.0,"Adventure,Drama,Mystery"
tt5699928,Prey,2019.0,"Adventure,Horror,Mystery"
tt5709188,A-X-L,2018.0,"Action,Adventure,Drama"
tt5715410,The Son of Bigfoot,2017.0,"Adventure,Animation,Comedy"
tt5715874,The Killing of a Sacred Deer,2017.0,"Drama,Horror,Mystery"
tt5719748,Cold Pursuit,2019.0,"Action,Comedy,Crime"
tt5726086,Insidious: The Last Key,2018.0,"Horror,Mystery,Thriller"
tt5726616,Call Me by Your Name,2017.0,"Drama,Romance"
tt5734576,The Possession of Hannah Grace,2018.0,"Horror,Mystery,Thriller"
tt5748392,Escape Room,2017.0,Horror
tt5758778,Skyscraper,2018.0,"Action,Adventure,Thriller"
tt5761544,Kandahar,2023.0,"Action,Drama,Thriller"
tt5770864,The Man from Earth: Holocene,2017.0,"Drama,Fantasy,Sci-Fi"
tt5779372,An Interview with God,2018.0,"Drama,Mystery"
tt5790684,Mia and Me: The Hero of Centopia,2022.0,"Adventure,Animation,Family"
tt5804314,Let There Be Light,2017.0,Drama
tt5814060,The Nun,2018.0,"Horror,Mystery,Thriller"
tt5834426,Moonfall,2022.0,"Action,Adventure,Sci-Fi"
tt5834760,Look Away,2018.0,"Drama,Fantasy,Horror"
tt5848272,Ralph Breaks the Internet,2018.0,"Adventure,Animation,Comedy"
tt5862312,Verónica,2017.0,"Horror,Mystery"
tt5884796,Plane,2023.0,"Action,Adventure,Thriller"
tt5886046,Escape Room,2019.0,"Action,Adventure,Horror"
tt5886440,Marrowbone,2017.0,"Drama,Horror,Mystery"
tt5911032,The Hunting,2017.0,Drama
tt5932368,Vanquish,2021.0,"Action,Adventure,Crime"
tt5941158,The System,2017.0,"Comedy,Drama"
tt5943424,Smile,2019.0,"Adventure,Drama,Music"
tt5949626,Whisper,2018.0,Drama
tt5968394,Captive State,2019.0,"Sci-Fi,Thriller"
tt5971474,The Little Mermaid,2023.0,"Adventure,Family,Fantasy"
tt5989408,Trial by Fire,2017.0,Documentary
tt6003368,Diary of a Wimpy Kid: The Long Haul,2017.0,"Adventure,Comedy,Family"
tt6014472,S.W.A.T.: Under Siege,2017.0,"Action,Thriller"
tt6017942,Kin,2018.0,"Action,Drama,Sci-Fi"
tt6020800,Gold,2022.0,"Action,Adventure,Drama"
tt6028328,Freaks,2017.0,"Comedy,Horror"
tt6032076,Polar,2019.0,"Comedy,Drama"
tt6043142,Skin,2018.0,"Biography,Crime,Drama"
tt6048930,Naked,2017.0,"Comedy,Fantasy,Romance"
tt6054650,A Question of Faith,2017.0,Drama
tt6079772,The Protégé,2021.0,"Action,Crime,Thriller"
tt6080038,Life,2018.0,Comedy
tt6082652,Separation,2017.0,"Documentary,Drama"
tt6095472,The Angry Birds Movie 2,2019.0,"Action,Adventure,Animation"
tt6095946,Purple Hearts,2017.0,"Drama,Family"
tt6097798,Radius,2017.0,"Drama,Horror,Mystery"
tt6105098,The Lion King,2019.0,"Adventure,Animation,Drama"
tt6108178,Disobedience,2017.0,Drama
tt6113488,The Case for Christ,2017.0,"Biography,Drama"
tt6131110,Injustice,2017.0,Thriller
tt6133466,The First Purge,2018.0,"Action,Horror,Sci-Fi"
tt6139732,Aladdin,2019.0,"Adventure,Comedy,Family"
tt6141246,The Aeronauts,2019.0,"Action,Adventure,Drama"
tt6143782,Hex,2018.0,"Horror,Thriller"
tt6146586,John Wick: Chapter 3 - Parabellum,2019.0,"Action,Crime,Drama"
tt6160448,White Noise,2022.0,"Comedy,Drama,Horror"
tt6173712,Caged,2021.0,"Drama,Horror,Thriller"
tt6173990,Gold,2018.0,"Drama,History,Sport"
tt6184774,Let There Be Light,2017.0,Documentary
tt6189022,Angel Has Fallen,2019.0,"Action,Thriller"
tt6194530,Ava,2017.0,"Drama,Romance"
tt6195094,Ghostland,2018.0,"Drama,Horror,Mystery"
tt6196936,The Kill Team,2019.0,"Action,Biography,Drama"
tt6228950,Intrusion,2021.0,"Crime,Drama,Horror"
tt6243140,Les affamés,2017.0,"Action,Adventure,Drama"
tt6246322,Don't Breathe 2,2021.0,"Action,Crime,Horror"
tt6259380,Code 8,2019.0,"Action,Crime,Drama"
tt6264654,Free Guy,2021.0,"Action,Adventure,Comedy"
tt6285192,The Stranger,2018.0,Horror
tt6286798,The Debt Collector,2022.0,Crime
tt6301452,Matriarch,2018.0,"Horror,Thriller"
tt6313896,Alpha,2019.0,"Crime,Drama,Fantasy"
tt6320628,Spider-Man: Far from Home,2019.0,"Action,Adventure,Comedy"
tt6324278,Abominable,2019.0,"Adventure,Animation,Comedy"
tt6327644,Strays,2017.0,Drama
tt6334354,The Suicide Squad,2021.0,"Action,Adventure,Comedy"
tt6338498,Vivo,2021.0,"Adventure,Animation,Comedy"
tt6340604,Burn Out,2017.0,"Action,Thriller"
tt6341832,Oxygène,2021.0,"Drama,Fantasy,Sci-Fi"
tt6343314,Creed II,2018.0,"Action,Drama,Sport"
tt6344890,Whisper,2022.0,Horror
tt6348138,Missing Link,2019.0,"Adventure,Animation,Comedy"
tt6349302,Sniper: Ultimate Kill,2017.0,"Action,Drama,Thriller"
tt6371746,Crisis,2017.0,"Comedy,Drama,Fantasy"
tt6400726,You People,2018.0,"Comedy,Drama"
tt6402468,Blood Red Sky,2021.0,"Action,Drama,Horror"
tt6412170,Run,2017.0,"Action,Romance,Thriller"
tt6412452,The Ballad of Buster Scruggs,2018.0,"Comedy,Drama,Musical"
tt6414890,Eva,2018.0,"Drama,Romance"
tt6421118,Songbird,2018.0,"Comedy,Drama,Music"
tt6427854,Anna,2017.0,"Comedy,Horror"
tt6428676,Wonder Park,2019.0,"Adventure,Animation,Comedy"
tt6442686,WarHunt,2022.0,"Action,Horror,Thriller"
tt6443294,Blaze,2018.0,"Biography,Drama,Music"
tt6443346,Black Adam,2022.0,"Action,Adventure,Fantasy"
tt6450186,I Can Only Imagine,2018.0,"Biography,Drama,Family"
tt6450804,Terminator: Dark Fate,2019.0,"Action,Adventure,Sci-Fi"
tt6463468,Beast,2018.0,"Adventure,Drama"
tt6467266,Sing 2,2021.0,"Adventure,Animation,Comedy"
tt6467460,First Love,2017.0,"Drama,Romance"
tt6472976,Five Feet Apart,2019.0,"Drama,Romance"
tt6487642,Intrusion,2018.0,Crime
tt6489946,Hustle,2017.0,"Crime,Drama"
tt6494418,Siberia,2018.0,"Crime,Drama,Romance"
tt6499752,Upgrade,2018.0,"Action,Sci-Fi,Thriller"
tt6513656,Escape Plan 2: Hades,2018.0,"Action,Crime,Mystery"
tt6523720,Skjelvet,2018.0,"Action,Drama,Thriller"
tt6528290,Knights of the Zodiac,2023.0,"Action,Adventure,Drama"
tt6533240,Night Hunter,2018.0,"Action,Adventure,Crime"
tt6535880,Haunt,2019.0,"Horror,Thriller"
tt6557404,Fractured,2017.0,Thriller
tt6563576,The Queen's Corgi,2019.0,"Animation,Comedy,Family"
tt6566576,Fear Street: 1994,2021.0,"Drama,Horror,Mystery"
tt6570098,AINBO: Spirit of the Amazon,2021.0,"Adventure,Animation,Comedy"
tt6613952,Encounter,2018.0,"Drama,Sci-Fi"
tt6619196,Clean,2017.0,"Comedy,Drama,Horror"
tt6643972,Triple Threat,2019.0,"Action,Thriller"
tt6644200,A Quiet Place,2018.0,"Drama,Horror,Sci-Fi"
tt6652708,God's Not Dead: A Light in Darkness,2018.0,Drama
tt6654210,Infinite,2021.0,"Action,Sci-Fi,Thriller"
tt6657132,Breakthrough,2018.0,Family
tt6661616,Inspector Sun y la maldición de la viuda negra,2022.0,"Animation,Comedy,Family"
tt6662296,The Takeover,2022.0,"Action,Sci-Fi,Thriller"
tt6671772,Run,2021.0,"Crime,Thriller"
tt6689618,Pearl,2017.0,"Comedy,Drama"
tt6705162,Cheaper by the Dozen,2022.0,"Comedy,Family"
tt6708668,Svart krabba,2022.0,"Action,Adventure,Drama"
tt6710474,Everything Everywhere All at Once,2022.0,"Action,Adventure,Comedy"
tt6714432,The Loud House Movie,2021.0,"Adventure,Animation,Comedy"
tt6718170,The Super Mario Bros. Movie,2023.0,"Adventure,Animation,Comedy"
tt6722802,Marlowe,2022.0,"Crime,Drama,Mystery"
tt6733874,America: The Motion Picture,2021.0,"Action,Adventure,Animation"
tt6738136,Revenge,2017.0,"Action,Drama,Horror"
tt6751468,Caged,2018.0,"Horror,Mystery"
tt6772950,Truth or Dare,2018.0,"Horror,Mystery,Thriller"
tt6793856,Resurrection,2017.0,Documentary
tt6794430,Countdown,2017.0,Drama
tt6802400,Coming 2 America,2021.0,"Comedy,Music"
tt6805938,The Ledge,2022.0,"Action,Adventure,Thriller"
tt6806448,Fast & Furious Presents: Hobbs & Shaw,2019.0,"Action,Adventure,Thriller"
tt6811018,The Kid Who Would Be King,2019.0,"Action,Adventure,Family"
tt6823148,Benedetta,2021.0,"Biography,Drama,Romance"
tt6823368,Glass,2019.0,"Drama,Fantasy,Horror"
tt6825748,Intrusion,2017.0,"Drama,Fantasy,Mystery"
tt6848736,Far from the Tree,2017.0,Documentary
tt6850820,Peppermint,2018.0,"Action,Thriller"
tt6851430,Mijn bijzonder rare week met Tess,2019.0,"Comedy,Drama,Family"
tt6852284,Venus,2017.0,"Comedy,Drama,Family"
tt6856242,The King's Man,2021.0,"Action,Adventure,Thriller"
tt6857112,Us,2019.0,"Horror,Mystery,Thriller"
tt6857376,Palmer,2021.0,Drama
tt6869948,Truth or Dare,2018.0,"Comedy,Drama,Romance"
tt6896396,Noise,2017.0,Drama
tt6902332,The Marksman,2021.0,"Action,Drama,Thriller"
tt6908274,Durante la tormenta,2018.0,"Drama,Fantasy,Mystery"
tt6910020,Nada a Perder,2018.0,"Biography,Drama"
tt6911608,Mamma Mia! Here We Go Again,2018.0,"Comedy,Musical,Romance"
tt6920084,Resident Evil: Welcome to Raccoon City,2021.0,"Action,Horror,Sci-Fi"
tt6921996,Johnny English Strikes Again,2018.0,"Action,Adventure,Comedy"
tt6924650,Midway,2019.0,"Action,Drama,History"
tt6932874,The Boss Baby: Family Business,2021.0,"Adventure,Animation,Comedy"
tt6946440,Awake,2017.0,Drama
tt6951892,Samson,2018.0,"Action,Drama"
tt6954894,The Circle,2017.0,Documentary
tt6964562,Black Site,2018.0,"Action,Horror,Sci-Fi"
tt6966692,Green Book,2018.0,"Biography,Comedy,Drama"
tt6969338,Hex,2022.0,"Action,Adventure,Horror"
tt6977338,Good Boys,2019.0,"Adventure,Comedy"
tt6986990,The Hanging Sun,2022.0,"Crime,Drama,Mystery"
tt6987770,Destination Wedding,2018.0,"Comedy,Drama,Romance"
tt6998518,Mandy,2018.0,"Action,Fantasy,Horror"
tt6999052,Mario,2018.0,"Drama,Romance,Sport"
tt7002100,Coco,2017.0,Horror
tt7021436,Ava,2017.0,Drama
tt7027210,First Man,2017.0,Documentary
tt7042232,Assassin,2017.0,"Action,Adventure,Animation"
tt7050082,Bad Trip,2017.0,Comedy
tt7069210,The Conjuring: The Devil Made Me Do It,2021.0,"Horror,Mystery,Thriller"
tt7071176,Nightmare Alley,2018.0,Sci-Fi
tt7083526,Breakthrough,2019.0,"Biography,Drama"
tt7090140,Coda,2019.0,"Drama,Music"
tt7094436,After,2017.0,Drama
tt7097896,Venom: Let There Be Carnage,2021.0,"Action,Adventure,Crime"
tt7110510,Les affamés,2018.0,Comedy
tt7112928,Crisis,2017.0,
tt7126776,Stillwater,2018.0,"Mystery,Thriller"
tt7134746,Fatherhood,2018.0,"Action,Crime,Drama"
tt7144666,The Black Phone,2021.0,"Horror,Mystery,Thriller"
tt7161338,The Silence,2017.0,"Documentary,History"
tt7162372,Fall,2018.0,Drama
tt7167686,Reign of the Supermen,2019.0,"Action,Adventure,Animation"
tt7214954,Luck,2022.0,"Adventure,Animation,Comedy"
tt7233828,The System,2018.0,"Drama,Mystery,Thriller"
tt7238342,Blonde,2017.0,"Biography,Documentary"
tt7259986,Ava,2017.0,Drama
tt7286456,Joker,2019.0,"Crime,Drama,Thriller"
tt7290940,Samson,2017.0,Drama
tt7308086,Desearás al hombre de tu hermana,2017.0,"Comedy,Drama,Romance"
tt7312940,Singularity,2017.0,"Action,Adventure,Drama"
tt7315484,The Silence,2019.0,"Drama,Horror,Sci-Fi"
tt7316576,30 Miles from Nowhere,2018.0,"Comedy,Horror,Mystery"
tt7319486,Wolf Hound,2022.0,"Action,Adventure,War"
tt7322224,Triangle of Sadness,2022.0,"Comedy,Drama"
tt7329656,47 Meters Down: Uncaged,2019.0,"Adventure,Drama,Horror"
tt7334528,Uncle Drew,2018.0,"Comedy,Drama,Sport"
tt7335324,Hex,2017.0,"History,Horror,Thriller"
tt7339792,Unbroken: Path to Redemption,2018.0,"Biography,Drama,History"
tt7339862,The Friendship Game,2022.0,"Horror,Sci-Fi"
tt7367960,Ternet ninja,2018.0,"Action,Adventure,Animation"
tt7370020,Paint,2018.0,"Comedy,Drama"
tt7379226,Awake,2018.0,Drama
tt7382730,Luca,2019.0,"Drama,Mystery,Romance"
tt7384848,Missing,2018.0,"Drama,Mystery,Thriller"
tt7388562,"Paul, Apostle of Christ",2018.0,"Adventure,Biography,Drama"
tt7401588,Instant Family,2018.0,"Comedy,Drama"
tt7405458,A Man Called Otto,2022.0,"Comedy,Drama"
tt7422674,Revenge,2019.0,Horror
tt7424200,Teen Titans Go! To the Movies,2018.0,"Action,Adventure,Animation"
tt7448180,The Debt Collector,2018.0,"Action,Comedy"
tt7456310,Anna,2019.0,"Action,Thriller"
tt7461272,Call Jane,2022.0,"Drama,History"
tt7466442,The Bob's Burgers Movie,2022.0,"Adventure,Animation,Comedy"
tt7469828,Paradise Highway,2022.0,"Crime,Drama,Thriller"
tt7504818,Ron's Gone Wrong,2021.0,"Adventure,Animation,Comedy"
tt7533152,The Boy Who Harnessed the Wind,2019.0,"Biography,Drama,History"
tt7537860,Johnny,2018.0,"Action,Crime,Drama"
tt7547410,Dora and the Lost City of Gold,2019.0,"Action,Adventure,Comedy"
tt7549834,Malcriados,2019.0,Comedy
tt7549892,Aterrados,2017.0,Horror
tt7550014,No Exit,2022.0,"Drama,Mystery,Thriller"
tt7557104,Devotion,2017.0,Thriller
tt7596914,Bandit,2017.0,"Crime,Drama"
tt7598076,Curiosa,2019.0,"Biography,Drama,History"
tt7616798,A Dog's Way Home,2019.0,"Adventure,Drama,Family"
tt7634968,What Men Want,2019.0,"Comedy,Fantasy,Romance"
tt7645274,Son,2022.0,Drama
tt7653254,Marriage Story,2019.0,"Drama,Romance"
tt7657566,Death on the Nile,2022.0,"Crime,Drama,Mystery"
tt7661648,11th Hour Cleaning,2022.0,Horror
tt7668870,Searching,2018.0,"Drama,Mystery,Thriller"
tt7681970,After Porn Ends 3,2018.0,Documentary
tt7689186,Let There Be Light,2019.0,Drama
tt7693316,Devotion,2022.0,"Action,Biography,Drama"
tt7737528,Kate,2021.0,"Action,Adventure,Crime"
tt7740496,Nightmare Alley,2021.0,"Crime,Drama,Thriller"
tt7740510,Antlers,2021.0,"Drama,Horror,Mystery"
tt7752126,Brightburn,2019.0,"Drama,Fantasy,Horror"
tt7765232,The Pilgrim's Progress,2017.0,"Adventure,Family,Fantasy"
tt7775720,Spoiler Alert,2022.0,"Comedy,Drama,Romance"
tt7781432,The Mortuary Collection,2019.0,"Fantasy,Horror"
tt7784604,Hereditary,2018.0,"Drama,Horror,Mystery"
tt7798604,We Have a Ghost,2023.0,"Adventure,Comedy,Family"
tt7798634,Ready or Not,2019.0,"Action,Comedy,Horror"
tt7830806,My Best Friend's Exorcism,2022.0,"Comedy,Horror,Thriller"
tt7876272,Paradise City,2019.0,Drama
tt7888964,Nobody,2021.0,"Action,Crime,Drama"
tt7946422,Prospect,2018.0,"Adventure,Drama,Sci-Fi"
tt7947604,In from the Side,2022.0,"Drama,Romance,Sport"
tt7959026,The Mule,2018.0,"Crime,Drama,Thriller"
tt7959500,The Farm,2018.0,Horror
tt7974634,Koati,2021.0,"Adventure,Animation,Family"
tt7975244,Jumanji: The Next Level,2019.0,"Action,Adventure,Comedy"
tt7984338,Prey,2017.0,Drama
tt7985704,Operation Fortune: Ruse de Guerre,2023.0,"Action,Adventure,Comedy"
tt7991608,Red Notice,2021.0,"Action,Comedy,Thriller"
tt8005118,House Party,2023.0,Comedy
tt8009314,Burn,2019.0,"Comedy,Crime,Thriller"
tt8009428,Hustle,2022.0,"Comedy,Drama,Sport"
tt8049994,Un rescate de huevitos,2021.0,"Adventure,Animation,Comedy"
tt8058998,Injustice,2018.0,Documentary
tt8070080,Rise,2018.0,Documentary
tt8075016,The Courier,2019.0,"Action,Crime,Drama"
tt8080204,Hypnotic,2023.0,"Action,Drama,Mystery"
tt8085790,Little,2019.0,"Comedy,Fantasy,Romance"
tt8093700,The Woman King,2022.0,"Action,Drama,History"
tt8096832,Lady and the Tramp,2019.0,"Adventure,Comedy,Family"
tt8097030,Turning Red,2022.0,"Adventure,Animation,Comedy"
tt8101238,Huevitos congelados,2022.0,"Animation,Comedy,Family"
tt8106534,6 Underground,2019.0,"Action,Thriller"
tt8110232,The Many Saints of Newark,2021.0,"Crime,Drama"
tt8110652,Bodies Bodies Bodies,2022.0,"Comedy,Horror,Mystery"
tt8114980,Willy's Wonderland,2021.0,"Action,Comedy,Horror"
tt8115900,The Bad Guys,2022.0,"Adventure,Animation,Comedy"
tt8129682,Phobias,2021.0,"Horror,Thriller"
tt8130490,Ghosted,2017.0,Comedy
tt8130518,Dark Cloud,2022.0,"Horror,Sci-Fi,Thriller"
tt8150814,There's Someone Inside Your House,2021.0,"Horror,Mystery,Thriller"
tt8151450,X,2019.0,"Comedy,Drama,Thriller"
tt8155182,Leprechaun Returns,2018.0,"Comedy,Fantasy,Horror"
tt8155288,Happy Death Day 2U,2019.0,"Comedy,Horror,Mystery"
tt8174110,Malignant,2018.0,Drama
tt8174450,The Other Side of Heaven 2: Fire of Faith,2019.0,"Adventure,Biography,Drama"
tt8186318,Overcomer,2019.0,"Drama,Family,Sport"
tt8201118,The Stranger,2019.0,Drama
tt8205982,Shattered,2018.0,"Horror,Mystery"
tt8210332,End of the Road,2018.0,Drama
tt8215284,One Shot,2018.0,Drama
tt8241000,Extinct,2021.0,"Adventure,Animation,Comedy"
tt8271182,Héctor el Father: Conocerás la Verdad,2018.0,"Biography,Drama,Music"
tt8277246,His Only Son,2023.0,"Drama,History"
tt8286194,Mete Miedo,2022.0,"Horror,Mystery,Thriller"
tt8296030,You Won't Be Alone,2022.0,"Drama,Fantasy,Horror"
tt8303680,Naked,2018.0,Documentary
tt8323668,Jerry & Marge Go Large,2022.0,"Biography,Comedy,Drama"
tt8328716,Doom: Annihilation,2019.0,"Action,Adventure,Horror"
tt8333746,Pinocchio,2019.0,"Drama,Family,Fantasy"
tt8337158,Rumble,2021.0,"Animation,Comedy,Family"
tt8350360,Annabelle Comes Home,2019.0,"Horror,Mystery,Thriller"
tt8354218,Fireheart,2022.0,"Adventure,Animation,Comedy"
tt8356942,The 355,2022.0,"Action,Thriller"
tt8363392,Blackout,2022.0,"Action,Crime,Thriller"
tt8364368,Crawl,2019.0,"Action,Horror,Thriller"
tt8365002,Run,2019.0,"Action,Drama"
tt8368406,Vivarium,2019.0,"Horror,Mystery,Sci-Fi"
tt8368408,Gunpowder Milkshake,2021.0,"Action,Crime,Thriller"
tt8376234,Peter Rabbit 2: The Runaway,2021.0,"Adventure,Animation,Comedy"
tt8378126,Dronningen,2019.0,Drama
tt8385148,Hitman's Wife's Bodyguard,2021.0,"Action,Comedy,Crime"
tt8385474,A Dog's Journey,2019.0,"Adventure,Comedy,Drama"
tt8404256,Snake Eyes: G.I. Joe Origins,2021.0,"Action,Adventure,Crime"
tt8430862,Tag,2017.0,"Action,Comedy"
tt8456190,Seal Team,2021.0,"Action,Animation,Comedy"
tt8485364,The Room,2019.0,"Drama,Fantasy,Horror"
tt8485462,Mira,2018.0,"Documentary,Drama"
tt8507530,The Cellar,2018.0,"Crime,Drama,Thriller"
tt8514848,Summit Fever,2022.0,Drama
tt8521736,Flora & Ulysses,2021.0,"Adventure,Comedy,Family"
tt8521876,Yes Day,2021.0,"Comedy,Family"
tt8544614,Prey,2018.0,Horror
tt8545352,Fatherhood,2018.0,"Documentary,Music"
tt8545482,Zone 414,2021.0,"Adventure,Crime,Drama"
tt8550054,Pleasure,2021.0,Drama
tt8558276,Robin Hood,2017.0,"Action,Adventure,History"
tt8589698,Teenage Mutant Ninja Turtles: Mutant Mayhem,2023.0,"Action,Adventure,Animation"
tt8593824,The Old Way,2023.0,"Action,Drama,Western"
tt8613070,Portrait de la jeune fille en feu,2019.0,"Drama,Romance"
tt8663516,Child's Play,2019.0,"Drama,Horror,Sci-Fi"
tt8688634,21 Bridges,2019.0,"Action,Adventure,Crime"
tt8692378,After,2018.0,Adventure
tt8745676,The Swimmers,2022.0,"Biography,Drama,Sport"
tt8746404,Marmaduke,2022.0,"Adventure,Animation,Comedy"
tt8752498,Wonder Woman: Bloodlines,2019.0,"Action,Animation,Fantasy"
tt8760708,M3GAN,2022.0,"Horror,Sci-Fi,Thriller"
tt8772262,Midsommar,2019.0,"Drama,Horror,Mystery"
tt8781414,Freaks,2018.0,"Drama,Fantasy,Mystery"
tt8811670,The Library Boys,2022.0,Comedy
tt8816412,Amina,2019.0,Documentary
tt8851148,The In Between,2022.0,"Drama,Fantasy,Romance"
tt8883486,Medieval,2022.0,"Action,Drama,History"
tt8889818,Stowaway,2022.0,Thriller
tt8893152,Rise,2023.0,"Action,Drama,Thriller"
tt8907882,Cinderella,2021.0,"Drama,Fantasy,Horror"
tt8912936,DC League of Super-Pets,2022.0,"Action,Adventure,Animation"
tt8916694,Pearl,2018.0,"Drama,Family,Sport"
tt8946378,Knives Out,2019.0,"Comedy,Crime,Drama"
tt8979234,No Exit,2019.0,"Family,Horror,Thriller"
tt8980128,Deus,2022.0,"Adventure,Mystery,Sci-Fi"
tt9000184,Goodnight Mommy,2022.0,"Crime,Drama,Horror"
tt9001442,The Visitor,2018.0,"Biography,Documentary"
tt9005184,Dual,2022.0,"Comedy,Drama,Sci-Fi"
tt9019352,No manches Frida 2,2019.0,Comedy
tt9032400,Eternals,2021.0,"Action,Adventure,Fantasy"
tt9038290,Latte Igel und der magische Wasserstein,2019.0,"Adventure,Animation,Comedy"
tt9051908,Living,2022.0,Drama
tt9054192,Queenpins,2021.0,"Comedy,Crime"
tt9060390,First Love,2018.0,"Drama,Romance"
tt9062580,Alone,2019.0,"Adventure,Drama,Sci-Fi"
tt9071456,The People We Hate at the Wedding,2022.0,Comedy
tt9071522,Run,2019.0,Action
tt9077376,Las Consecuencias,2021.0,"Drama,Thriller"
tt9110170,Wrong Turn,2021.0,"Drama,Horror,Mystery"
tt9114286,Black Panther: Wakanda Forever,2022.0,"Action,Adventure,Drama"
tt9125466,Dakota,2019.0,"Comedy,Drama,Music"
tt9130508,Cherry,2021.0,"Biography,Crime,Drama"
tt9134216,Playing with Fire,2019.0,"Comedy,Family"
tt9158074,Black Widow,2017.0,Drama
tt9173154,Separation,2021.0,"Drama,Horror,Mystery"
tt9173998,Beauty and the Beast,2018.0,"Family,Fantasy,Musical"
tt9179974,Dem Horizont so nah,2019.0,"Drama,Romance"
tt9183978,Arctic Void,2022.0,"Drama,Horror,Mystery"
tt9198364,Three Thousand Years of Longing,2022.0,"Drama,Fantasy,Romance"
tt9203694,Stowaway,2021.0,"Adventure,Sci-Fi,Thriller"
tt9224104,Meg 2: The Trench,2023.0,"Action,Adventure,Horror"
tt9230436,Pearl,2018.0,Thriller
tt9271672,Prey for the Devil,2022.0,"Horror,Mystery,Thriller"
tt9274670,13 Minutes,2021.0,"Action,Drama,Thriller"
tt9288046,The Sea Beast,2022.0,"Action,Adventure,Animation"
tt9288692,Werewolves Within,2021.0,"Comedy,Horror,Mystery"
tt9288748,My Father's Dragon,2022.0,"Adventure,Animation,Comedy"
tt9288822,The Wonder,2022.0,"Drama,Mystery,Thriller"
tt9340892,All My Friends Hate Me,2021.0,"Comedy,Horror"
tt9347730,Candyman,2021.0,"Horror,Thriller"
tt9362722,Spider-Man: Across the Spider-Verse,2023.0,"Action,Adventure,Animation"
tt9362930,Blue Beetle,2023.0,"Action,Adventure,Sci-Fi"
tt9365800,Slayers,2022.0,"Comedy,Fantasy,Horror"
tt9371446,Smile,2019.0,Thriller
tt9376612,Shang-Chi and the Legend of the Ten Rings,2021.0,"Action,Adventure,Fantasy"
tt9378600,Noise,2019.0,"Sci-Fi,Thriller"
tt9382172,Dreamcatcher,2021.0,"Horror,Mystery,Thriller"
tt9411972,Where the Crawdads Sing,2022.0,"Drama,Mystery,Romance"
tt9415058,Blackout,2019.0,"Crime,Drama"
tt9419056,The Unholy,2021.0,"Drama,Horror,Mystery"
tt9419884,Doctor Strange in the Multiverse of Madness,2022.0,"Action,Adventure,Fantasy"
tt9421570,The Guilty,2021.0,"Crime,Drama,Thriller"
tt9427166,Padre no hay más que uno,2019.0,"Comedy,Family"
tt9428746,Aristotle and Dante Discover the Secrets of the Universe,2022.0,Drama
tt9477532,Greta,2019.0,Drama
tt9531772,Sooryavanshi,2021.0,"Action,Crime,Drama"
tt9585676,Body Brokers,2021.0,"Drama,Thriller"
tt9603212,Mission: Impossible - Dead Reckoning Part One,2023.0,"Action,Adventure,Thriller"
tt9620288,King Richard,2021.0,"Biography,Drama,Sport"
tt9639470,Last Night in Soho,2021.0,"Drama,Horror,Mystery"
tt9658388,Praise This,2023.0,"Musical,Romance"
tt9660502,Close,2022.0,Drama
tt9663168,The Devil Conspiracy,2022.0,"Horror,Sci-Fi,Thriller"
tt9664108,Voyagers,2021.0,"Adventure,Mystery,Sci-Fi"
tt9669176,Accident Man: Hitman's Holiday,2022.0,"Action,Comedy,Crime"
tt9684220,Bad Trip,2021.0,Comedy
tt9686790,Shotgun Wedding,2022.0,"Action,Comedy,Romance"
tt9698912,Aladdin,2017.0,Fantasy
tt9701940,Fear Street: 1978,2021.0,"Drama,Horror,Mystery"
tt9701942,Fear Street: 1666,2021.0,"Horror,Mystery"
tt9718866,Smile,2017.0,Documentary
tt9728306,The Stranger,2022.0,"Horror,Mystery"
tt9731386,Rogue Agent,2022.0,"Action,Adventure,Drama"
tt9731598,Bros,2022.0,"Comedy,Romance"
tt9731682,Crisis,2021.0,"Drama,Thriller"
tt9764362,The Menu,2022.0,"Comedy,Horror,Thriller"
tt9777666,The Tomorrow War,2021.0,"Action,Adventure,Drama"
tt9783600,Spiderhead,2022.0,"Action,Crime,Drama"
tt9783730,On the Come Up,2022.0,"Comedy,Drama,Music"
tt9804228,The Stranger,2019.0,"Drama,Mystery,Thriller"
tt9844522,Escape Room: Tournament of Champions,2021.0,"Action,Adventure,Horror"
tt9848626,Hotel Transylvania: Transformania,2022.0,"Adventure,Animation,Comedy"
tt9853500,Bandit,2022.0,"Biography,Crime,Drama"
tt9892546,Aladdin,2022.0,"Drama,Musical,Romance"
tt9896916,The Pilgrim's Progress,2019.0,"Adventure,Animation,Family"
tt9898844,The Hunting,2021.0,"Crime,Horror,Mystery"
